Workbook
Name AQTY: '[1]Bid Tab Schedule A'!$C:$C
Name ATotal1: '[1]Bid Tab Schedule A'!$F$19
Name ATotal2: '[1]Bid Tab Schedule A'!$H$19
Name ATotal3: '[1]Bid Tab Schedule A'!$J$19
Name ATotal4: '[1]Bid Tab Schedule A'!$L$19
Name ATotal5: '[1]Bid Tab Schedule A'!$N$19
Name ATotal6: '[1]Bid Tab Schedule A'!$P$19
Name ATotal7: '[1]Bid Tab Schedule A'!$R$19
Name ATotal8: '[1]Bid Tab Schedule A'!$T$19
Name ATotalEE: '[1]Bid Tab Schedule A'!$V$19
Name BQTY: '[1]Bid Tab Schedule B'!$C:$C
Name Contractor1: 'Base Bid Tabulation'!$E$1
Name Contractor2: 'Base Bid Tabulation'!$I$1
Name Contractor3: 'Base Bid Tabulation'!#REF!
Name Contractor4: 'Base Bid Tabulation'!#REF!
Name Contractor5: 'Base Bid Tabulation'!#REF!
Name Contractor6: 'Base Bid Tabulation'!#REF!
Name Contractor7: 'Base Bid Tabulation'!#REF!
Name Contractor8: 'Base Bid Tabulation'!#REF!
Name EAN: 'Base Bid Tabulation'!$A$4
Name EngineerEstimate: 'Base Bid Tabulation'!$K$1
Name ProjectLocation: 'Base Bid Item List'!$A$15
Name ProjectTitle: 'Base Bid Item List'!$A$16
Name ProjectTitle2: 'Base Bid Item List'!$A$17
Name QTY: 'Base Bid Tabulation'!$C:$C
Name SolicitationNo: 'Base Bid Tabulation'!$A$5
Name Total1: 'Base Bid Tabulation'!$F$17
Name Total2: 'Base Bid Tabulation'!$J$17
Name Total3: 'Base Bid Tabulation'!#REF!
Name Total4: 'Base Bid Tabulation'!#REF!
Name Total5: 'Base Bid Tabulation'!#REF!
Name Total6: 'Base Bid Tabulation'!#REF!
Name Total7: 'Base Bid Tabulation'!#REF!
Name Total8: 'Base Bid Tabulation'!#REF!
Name TotalEE: 'Base Bid Tabulation'!$L$17

Sheet Base Bid Item List
A1: Acre
A2: CY
A3: Each
A4: FT
A5: Gal
A6: Hour
A7: LB
A8: LF
A9: LS
A10: Mile
A11: SF
A12: SY
... A16: RUNWAY AND TAXIWAY SEALS
A19: Item No. | B19: Item Description | C19: Estimated Quantity | D19: Units | E19: Unit Price | F19: Total Price
A20: 0001 | B20: Sweeper (Section 012200) | C20: 1 | D20: LS | G20: =MID(B20,FIND("(",B20)+1,FIND(")",B20)-FIND("(",B20)-1) -> Section 012200 | H20: 012200
A21: 0002 | B21: Work Zone and Traffic Control (Section 012200) | C21: 1 | D21: LS | G21: =MID(B21,FIND("(",B21)+1,FIND(")",B21)-FIND("(",B21)-1) -> Section 012200 | H21: 012200
A22: 0003 | B22: Mobilization (Item C-105) | C22: 1 | D22: LS | G22: =MID(B22,FIND("(",B22)+1,FIND(")",B22)-FIND("(",B22)-1) -> Item C-105 | H22: C-105
A23: 0004 | B23: Runway and High Speed Exit Taxiway Friction Testing (Item P-608) | C23: 1 | D23: LS | G23: =MID(B23,FIND("(",B23)+1,FIND(")",B23)-FIND("(",B23)-1) -> Item P-608 | H23: P-608
A24: 0005 | B24: Asphalt Surface Treatment (Item P-608) | C24: 163800 | D24: SY | G24: =MID(B24,FIND("(",B24)+1,FIND(")",B24)-FIND("(",B24)-1) -> Item P-608 | H24: P-608
A25: 0006 | B25: Surface Preparation - Remove Existing Markings (Item P-620) | C25: 69500 | D25: SF | G25: =MID(B25,FIND("(",B25)+1,FIND(")",B25)-FIND("(",B25)-1) -> Item P-620 | H25: P-620
A26: 0007 | B26: Marking (Item P-620) | C26: 69500 | D26: SF | G26: =MID(B26,FIND("(",B26)+1,FIND(")",B26)-FIND("(",B26)-1) -> Item P-620 | H26: P-620
A27: 0008 | B27: Temporary Runway and Taxiway Marking (Item P-620) | C27: 69500 | D27: SF | G27: =MID(B27,FIND("(",B27)+1,FIND(")",B27)-FIND("(",B27)-1) -> Item P-620 | H27: P-620
A28: 0009 | B28: Reflective Media (Item P-620) | C28: 4300 | D28: LB | G28: =MID(B28,FIND("(",B28)+1,FIND(")",B28)-FIND("(",B28)-1) -> Item P-620 | H28: P-620
B29: Total Amount Base Bid (Basis of Award) | F29: $___________

Sheet Alternate Item List
A1: Acre
A2: CY
A3: Each
A4: FT
A5: Gal
A6: Hour
A7: LB
A8: LF
A9: LS
A10: Mile
A11: SF
A12: SY
A13: Ton
A15: =ProjectLocation -> HILLSBORO AIRPORT
A16: =ProjectTitle -> RUNWAY AND TAXIWAY SEALS
A17: =ProjectTitle2 & ""
A19: Item No. | B19: Item Description | C19: Estimated Quantity | D19: Units | E19: Unit Price | F19: Total Price
A20: 0001 | B20: Mobilization (Item C-105) | C20: 1 | D20: LS
A21: 0002 | B21: Asphalt Surface Treatment (Item P-608) | C21: 8600 | D21: SY
A22: 0003 | B22: Surface Preparation - Remove Existing Markings (Item P-620) | C22: 1840 | D22: SF
A23: 0004 | B23: Marking (Item P-620) | C23: 1840 | D23: SF
A24: 0005 | B24: Temporary Runway and Taxiway Marking (Item P-620) | C24: 1840 | D24: SF
A25: 0006 | B25: Reflective Media (Item P-620) | C25: 120 | D25: LB
B29: Total Amount Additive Alternate A | F29: $___________

Sheet Base Bid Tabulation
A1: HILLSBORO AIRPORT | E1: American Road Maintenance | G1: C.R. Contracting, LLC | I1: Specialized Pavement Marking, LLC | K1: Engineer's Estimate
A2: RUNWAY AND TAXIWAY SEALS (RE-BID)
A4: EAN 2023D018
A5: Solicitation No. 2024-10519
A6: =TODAY() -> 46048
A7: Item No. | B7: Item Description | C7: Estimated Quantity | D7: Units | E7: Unit Price | F7: Total Price | G7: Unit Price | H7: Total Price | I7: Unit Price | J7: Total Price | K7: Unit Price | L7: Total Price
A8: ='Base Bid Item List'!A21 -> 0002 | B8: ='Base Bid Item List'!B21 -> Work Zone and Traffic Control (Section 012200) | C8: ='Base Bid Item List'!C21 -> 1 | D8: ='Base Bid Item List'!D21 -> LS | E8: 15000 | F8: =QTY*E8 -> 15000 | G8: 97630 | H8: =QTY*G8 -> 97630 | I8: 65000 | J8: =QTY*I8 -> 65000 | K8: 25000 | L8: =QTY*K8 -> 25000
A9: ='Base Bid Item List'!A20 -> 0001 | B9: ='Base Bid Item List'!B20 -> Sweeper (Section 012200) | C9: ='Base Bid Item List'!C20 -> 1 | D9: ='Base Bid Item List'!D20 -> LS | E9: 95000 | F9: =QTY*E9 -> 95000 | G9: 148855 | H9: =QTY*G9 -> 148855 | I9: 170000 | J9: =QTY*I9 -> 170000 | K9: 50000 | L9: =QTY*K9 -> 50000
A10: ='Base Bid Item List'!A22 -> 0003 | B10: ='Base Bid Item List'!B22 -> Mobilization (Item C-105) | C10: ='Base Bid Item List'!C22 -> 1 | D10: ='Base Bid Item List'!D22 -> LS | E10: 55000 | F10: =QTY*E10 -> 55000 | G10: 139500 | H10: =QTY*G10 -> 139500 | I10: 119250 | J10: =QTY*I10 -> 119250 | K10: =ROUNDUP(SUM(L8:L9,L11:L16)*0.1,0) -> 135498 | L10: =QTY*K10 -> 135498
A11: ='Base Bid Item List'!A23 -> 0004 | B11: ='Base Bid Item List'!B23 -> Runway and High Speed Exit Taxiway Friction Testing (Item P-608) | C11: ='Base Bid Item List'!C23 -> 1 | D11: ='Base Bid Item List'!D23 -> LS | E11: 5000 | F11: =QTY*E11 -> 5000 | G11: 40000 | H11: =QTY*G11 -> 40000 | I11: 24500 | J11: =QTY*I11 -> 24500 | K11: 30000 | L11: =QTY*K11 -> 30000
A12: ='Base Bid Item List'!A24 -> 0005 | B12: ='Base Bid Item List'!B24 -> Asphalt Surface Treatment (Item P-608) | C12: ='Base Bid Item List'!C24 -> 163800 | D12: ='Base Bid Item List'!D24 -> SY | E12: 2.9 | F12: =QTY*E12 -> 475020 | G12: 2.93 | H12: =QTY*G12 -> 479934 | I12: 3.25 | J12: =QTY*I12 -> 532350 | K12: 5 | L12: =QTY*K12 -> 819000
A13: ='Base Bid Item List'!A25 -> 0006 | B13: ='Base Bid Item List'!B25 -> Surface Preparation - Remove Existing Markings (Item P-620) | C13: ='Base Bid Item List'!C25 -> 69500 | D13: ='Base Bid Item List'!D25 -> SF | E13: 1.25 | F13: =QTY*E13 -> 86875 | G13: 1 | H13: =QTY*G13 -> 69500 | I13: 0.95 | J13: =QTY*I13 -> 66025 | K13: 2 | L13: =QTY*K13 -> 139000
A14: ='Base Bid Item List'!A26 -> 0007 | B14: ='Base Bid Item List'!B26 -> Marking (Item P-620) | C14: ='Base Bid Item List'!C26 -> 69500 | D14: ='Base Bid Item List'!D26 -> SF | E14: 1.25 | F14: =QTY*E14 -> 86875 | G14: 1.85 | H14: =QTY*G14 -> 128575 | I14: 2.48 | J14: =QTY*I14 -> 172360 | K14: 2.25 | L14: =QTY*K14 -> 156375
A15: ='Base Bid Item List'!A27 -> 0008 | B15: ='Base Bid Item List'!B27 -> Temporary Runway and Taxiway Marking (Item P-620) | C15: ='Base Bid Item List'!C27 -> 69500 | D15: ='Base Bid Item List'!D27 -> SF | E15: 1.25 | F15: =QTY*E15 -> 86875 | G15: 1.85 | H15: =QTY*G15 -> 128575 | I15: 2.1 | J15: =QTY*I15 -> 145950 | K15: 1.75 | L15: =QTY*K15 -> 121625
A16: ='Base Bid Item List'!A28 -> 0009 | B16: ='Base Bid Item List'!B28 -> Reflective Media (Item P-620) | C16: ='Base Bid Item List'!C28 -> 4300 | D16: ='Base Bid Item List'!D28 -> LB | E16: 1.25 | F16: =QTY*E16 -> 5375 | G16: 1 | H16: =QTY*G16 -> 4300 | I16: 4.5 | J16: =QTY*I16 -> 19350 | K16: 3.25 | L16: =QTY*K16 -> 13975
B17: Total Amount Base Bid (Basis of Award) | F17: =SUM(F8:F16) -> 911020 | H17: =SUM(H8:H16) -> 1236869 | J17: =SUM(J8:J16) -> 1314785 | L17: =SUM(L8:L16) -> 1490473

Sheet Alternate Bid Tabulation
A1: HILLSBORO AIRPORT | E1: =Contractor1 -> American Road Maintenance | G1: C.R. Contracting, LLC | I1: =Contractor2 -> Specialized Pavement Marking, LLC | K1: =EngineerEstimate -> Engineer's Estimate
A2: RUNWAY AND TAXIWAY SEALS (RE-BID)
A4: EAN 2023D018
A5: Solicitation No. 2024-10519
A6: =TODAY() -> 46048
A7: Item No. | B7: Item Description | C7: Estimated Quantity | D7: Units | E7: Unit Price | F7: Total Price | G7: Unit Price | H7: Total Price | I7: Unit Price | J7: Total Price | K7: Unit Price | L7: Total Price
A8: ='Alternate Item List'!A20 -> 0001 | B8: ='Alternate Item List'!B20 -> Mobilization (Item C-105) | C8: ='Alternate Item List'!C20 -> 1 | D8: ='Alternate Item List'!D20 -> LS | E8: 2500 | F8: =C8*E8 -> 2500 | G8: 4000 | H8: =C8*G8 -> 4000 | I8: 10000 | J8: =C8*I8 -> 10000 | K8: =ROUNDUP(SUM(L9:L13)*0.1,0) -> 5443 | L8: =K8*C8 -> 5443
A9: ='Alternate Item List'!A21 -> 0002 | B9: ='Alternate Item List'!B21 -> Asphalt Surface Treatment (Item P-608) | C9: ='Alternate Item List'!C21 -> 8600 | D9: ='Alternate Item List'!D21 -> SY | E9: 2.9 | F9: =C9*E9 -> 24940 | G9: 2.93 | H9: =C9*G9 -> 25198 | I9: 3.1 | J9: =C9*I9 -> 26660 | K9: 5 | L9: =K9*C9 -> 43000
A10: ='Alternate Item List'!A22 -> 0003 | B10: ='Alternate Item List'!B22 -> Surface Preparation - Remove Existing Markings (Item P-620) | C10: ='Alternate Item List'!C22 -> 1840 | D10: ='Alternate Item List'!D22 -> SF | E10: 1.25 | F10: =C10*E10 -> 2300 | G10: 2 | H10: =C10*G10 -> 3680 | I10: 2.75 | J10: =C10*I10 -> 5060 | K10: 2 | L10: =K10*C10 -> 3680
A11: ='Alternate Item List'!A23 -> 0004 | B11: ='Alternate Item List'!B23 -> Marking (Item P-620) | C11: ='Alternate Item List'!C23 -> 1840 | D11: ='Alternate Item List'!D23 -> SF | E11: 1.25 | F11: =C11*E11 -> 2300 | G11: 1.85 | H11: =C11*G11 -> 3404 | I11: 2.48 | J11: =C11*I11 -> 4563.2 | K11: 2.25 | L11: =K11*C11 -> 4140
A12: ='Alternate Item List'!A24 -> 0005 | B12: ='Alternate Item List'!B24 -> Temporary Runway and Taxiway Marking (Item P-620) | C12: ='Alternate Item List'!C24 -> 1840 | D12: ='Alternate Item List'!D24 -> SF | E12: 1.25 | F12: =C12*E12 -> 2300 | G12: 1.85 | H12: =C12*G12 -> 3404 | I12: 3.5 | J12: =C12*I12 -> 6440 | K12: 1.75 | L12: =K12*C12 -> 3220
A13: ='Alternate Item List'!A25 -> 0006 | B13: ='Alternate Item List'!B25 -> Reflective Media (Item P-620) | C13: ='Alternate Item List'!C25 -> 120 | D13: ='Alternate Item List'!D25 -> LB | E13: 1.25 | F13: =C13*E13 -> 150 | G13: 1 | H13: =C13*G13 -> 120 | I13: 0.65 | J13: =C13*I13 -> 78 | K13: 3.25 | L13: =K13*C13 -> 390
A14: ='Alternate Item List'!A26 -> 0 | B14: ='Alternate Item List'!B26 -> 0 | C14: ='Alternate Item List'!C26 -> 0 | D14: ='Alternate Item List'!D26 -> 0 | F14: =C14*E14 -> 0 | H14: =A14*G14 -> 0 | J14: =C14*I14 -> 0 | L14: =K14*C14 -> 0
A15: ='Alternate Item List'!A27 -> 0 | B15: ='Alternate Item List'!B27 -> 0 | C15: ='Alternate Item List'!C27 -> 0 | D15: ='Alternate Item List'!D27 -> 0 | F15: =C15*E15 -> 0 | H15: =A15*G15 -> 0 | J15: =C15*I15 -> 0 | L15: =K15*C15 -> 0
A16: ='Alternate Item List'!A28 -> 0 | B16: ='Alternate Item List'!B28 -> 0 | C16: ='Alternate Item List'!C28 -> 0 | D16: ='Alternate Item List'!D28 -> 0 | F16: =C16*E16 -> 0 | H16: =A16*G16 -> 0 | J16: =C16*I16 -> 0 | L16: =K16*C16 -> 0
B17: Total Amount Additive Alternate A | F17: =SUM(F8:F16) -> 34490 | H17: =SUM(H8:H16) -> 39806 | J17: =SUM(J8:J16) -> 52801.2 | L17: =SUM(L8:L16) -> 59873

Sheet Summary
A1: =ProjectLocation -> HILLSBORO AIRPORT
A2: =ProjectTitle -> RUNWAY AND TAXIWAY SEALS
A3: =ProjectTitle2 -> 0
A4: =EAN -> EAN 2023D018
A5: =SolicitationNo -> Solicitation No. 2024-10519
A6: =TODAY() -> 46048
A7: Bidder | B7: Total Base Bid Price | C7: Total Additive Alternate A
A8: =Contractor1 -> American Road Maintenance | B8: =Total1 -> 911020 | C8: ='Alternate Bid Tabulation'!F17 -> 34490 | D8: 1
A9: C.R. Contracting, LLC | B9: ='Base Bid Tabulation'!H17 -> 1236869 | C9: ='Alternate Bid Tabulation'!H17 -> 39806 | D9: 2
A10: =Contractor2 -> Specialized Pavement Marking, LLC | B10: =Total2 -> 1314785 | C10: ='Alternate Bid Tabulation'!J17 -> 52801.2 | D10: 3
A11: =EngineerEstimate -> Engineer's Estimate | B11: =TotalEE -> 1490473 | C11: ='Alternate Bid Tabulation'!L17 -> 59873
A12: *Corrected Bid Total
A13: ^Corrected Bid Total
