Workbook
Name Contractor1: 'Alternate Bid Tabulation'!$E$1
Name Contractor1: 'Base Bid Tabulation'!$E$1
Name Contractor2: 'Alternate Bid Tabulation'!#REF!
Name Contractor2: 'Base Bid Tabulation'!#REF!
Name Contractor3: 'Alternate Bid Tabulation'!#REF!
Name Contractor3: 'Base Bid Tabulation'!#REF!
Name Contractor3A: 'Alternate Bid Tabulation'!#REF!
Name Contractor3A: 'Base Bid Tabulation'!#REF!
Name Contractor4: 'Alternate Bid Tabulation'!#REF!
Name Contractor4: 'Base Bid Tabulation'!#REF!
Name Contractor5: 'Alternate Bid Tabulation'!#REF!
Name Contractor5: 'Base Bid Tabulation'!#REF!
Name Contractor6: 'Alternate Bid Tabulation'!#REF!
Name Contractor6: 'Base Bid Tabulation'!#REF!
Name Contractor7: 'Alternate Bid Tabulation'!#REF!
Name Contractor7: 'Base Bid Tabulation'!#REF!
Name Contractor8: 'Alternate Bid Tabulation'!#REF!
Name Contractor8: 'Base Bid Tabulation'!#REF!
Name EAN: 'Alternate Bid Tabulation'!$A$4
Name EAN: 'Base Bid Tabulation'!$A$4
Name EngineerEstimate: 'Alternate Bid Tabulation'!$G$1
Name EngineerEstimate: 'Base Bid Tabulation'!$G$1
Name ProjectLocation: 'Additive Alternate'!$A$15
Name ProjectLocation: 'Base Bid'!$A$15
Name ProjectTitle: 'Additive Alternate'!$A$16
Name ProjectTitle: 'Base Bid'!$A$16
Name ProjectTitle2: 'Additive Alternate'!$A$17
Name ProjectTitle2: 'Base Bid'!$A$17
Name QTY: 'Alternate Bid Tabulation'!$C:$C
Name QTY: 'Base Bid Tabulation'!$C:$C
Name SolicitationNo: 'Alternate Bid Tabulation'!$A$5
Name SolicitationNo: 'Base Bid Tabulation'!$A$5
Name Total1: 'Alternate Bid Tabulation'!$F$33
Name Total1: 'Base Bid Tabulation'!$F$33
Name Total2: 'Alternate Bid Tabulation'!#REF!
Name Total2: 'Base Bid Tabulation'!#REF!
Name Total3: 'Alternate Bid Tabulation'!#REF!
Name Total3: 'Base Bid Tabulation'!#REF!
Name Total3A: 'Alternate Bid Tabulation'!#REF!
Name Total3A: 'Base Bid Tabulation'!#REF!
Name Total4: 'Alternate Bid Tabulation'!#REF!
Name Total4: 'Base Bid Tabulation'!#REF!
Name Total5: 'Alternate Bid Tabulation'!#REF!
Name Total5: 'Base Bid Tabulation'!#REF!
Name Total6: 'Alternate Bid Tabulation'!#REF!
Name Total6: 'Base Bid Tabulation'!#REF!
Name Total7: 'Alternate Bid Tabulation'!#REF!
Name Total7: 'Base Bid Tabulation'!#REF!
Name Total8: 'Alternate Bid Tabulation'!#REF!
Name Total8: 'Base Bid Tabulation'!#REF!
Name TotalEE: 'Alternate Bid Tabulation'!$H$33
Name TotalEE: 'Base Bid Tabulation'!$H$33

Sheet Base Bid
A1: Acre
A2: CY
A3: Each
A4: FT
A5: Gal
A6: Hour
A7: LB
A8: LF
A9: LS
A10: Mile
A11: SF
A12: SY
... A16: SANITARY LIFT STATION REHABILITATION
A19: Item No. | B19: Item Description | C19: Estimated Quantity | D19: Units | E19: Unit Price | F19: Total Price
A20: 0001 | B20: Mobilization, Surveying, Cleanup, and Demobilization (Section 012200) | C20: 1 | D20: LS
A21: 0002 | B21: Sweeper (Section 012200) | C21: 1 | D21: LS
A22: 0003 | B22: Work Zone and Traffic Control (Section 012200) | C22: 1 | D22: LS
A23: 0004 | B23: Escort (Section 012200) | C23: 1 | D23: LS
A24: 0005 | B24: Erosion and Sediment Control (Section 012200) | C24: 1 | D24: LS
A25: 0006 | B25: Dewatering (Section 012200) | C25: 100 | D25: Gal
A26: 0007 | B26: Contaminated Soil Handling and Management (Section 012200) | C26: 10 | D26: CY
A27: 0008 | B27: Temporary Sewage Bypassing (Section 012200) | C27: 1 | D27: LS
A28: 0009 | B28: Removal, Haul, and Disposal of Demolition Debris (Section 012200) | C28: 1 | D28: LS
A29: 0010 | B29: D9 Wet Well (SSLS 953) Mechanical Rehabilitation (Section 012200) | C29: 1 | D29: LS
A30: 0011 | B30: D9 Valve Vault (STSVLT 863) Mechanical Rehabilitation (Section 012200) | C30: 1 | D30: LS
A31: 0012 | B31: D9 Replacement of Existing Lids and Hatches (Section 012200) | C31: 2 | D31: Each
... A44: 0025 | B44: Temporary Runway and Taxiway Marking (Item P-620) | C44: 295 | D44: SF
B45: Total Amount Bid (Basis of Award) | F45: $___________

Sheet Additive Alternate
A1: Acre
A2: CY
A3: Each
A4: FT
A5: Gal
A6: Hour
A7: LB
A8: LF
A9: LS
A10: Mile
A11: SF
A12: SY
... A16: SANITARY LIFT STATION REHABILITATION
A19: Item No. | B19: Item Description | C19: Estimated Quantity | D19: Units | E19: Unit Price | F19: Total Price
A20: 0001 | B20: Mobilization, Surveying, Cleanup, and Demobilization (Section 012200) | C20: 1 | D20: LS
A21: 0002 | B21: Sweeper (Section 012200) | C21: 1 | D21: LS
A22: 0003 | B22: Work Zone and Traffic Control (Section 012200) | C22: 1 | D22: LS
A23: 0004 | B23: Escort (Section 012200) | C23: 1 | D23: LS
A24: 0005 | B24: Erosion and Sediment Control (Section 012200) | C24: 1 | D24: LS
A25: 0006 | B25: Dewatering (Section 012200) | C25: 100 | D25: Gal
A26: 0007 | B26: Contaminated Soil Handling and Management (Section 012200) | C26: 10 | D26: CY
A27: 0008 | B27: Temporary Sewage Bypassing (Section 012200) | C27: 1 | D27: LS
A28: 0009 | B28: Removal, Haul, and Disposal of Demolition Debris (Section 012200) | C28: 1 | D28: LS
A29: 0010 | B29: B6 Wet Well (SSLS 950) Mechanical Rehabilitation (Section 012200) | C29: 1 | D29: LS
A30: 0011 | B30: B6 Valve Vault (SSVLT 1202) Mechanical Rehabilitation (Section 012200) | C30: 1 | D30: LS
A31: 0012 | B31: B6 Replacement of Existing Lids and Hatches (Section 012200) | C31: 2 | D31: Each
... A44: 0025 | B44: Temporary Runway and Taxiway Marking (Item P-620) | C44: 3095 | D44: SF
B45: Total Amount Additive Alternate A | F45: $___________

Sheet Base Bid Tabulation
A1: =ProjectLocation -> PORTLAND INTERNATIONAL AIRPORT | E1: MJ Hughes Construction, Inc. | G1: Engineer's Estimate
A2: =ProjectTitle -> SANITARY LIFT STATION REHABILITATION
A4: EAN 2023D025
A5: Solicitation No. 2024-10566
A6: =TODAY() -> 45726
A7: Item No. | B7: Item Description | C7: Estimated Quantity | D7: Units | E7: Unit Price | F7: Total Price | G7: Unit Price | H7: Total Price
A8: ='Base Bid'!A20 -> 0001 | B8: ='Base Bid'!B20 -> Mobilization, Surveying, Cleanup, and Demobilization (Section 012200) | C8: ='Base Bid'!C20 -> 1 | D8: ='Base Bid'!D20 -> LS | E8: 131100 | F8: =QTY*E8 -> 131100 | G8: 85336 | H8: =QTY*G8 -> 85336
A9: ='Base Bid'!A21 -> 0002 | B9: ='Base Bid'!B21 -> Sweeper (Section 012200) | C9: ='Base Bid'!C21 -> 1 | D9: ='Base Bid'!D21 -> LS | E9: 32000 | F9: =QTY*E9 -> 32000 | G9: 25000 | H9: =QTY*G9 -> 25000
A10: ='Base Bid'!A22 -> 0003 | B10: ='Base Bid'!B22 -> Work Zone and Traffic Control (Section 012200) | C10: ='Base Bid'!C22 -> 1 | D10: ='Base Bid'!D22 -> LS | E10: 20000 | F10: =QTY*E10 -> 20000 | G10: 18000 | H10: =QTY*G10 -> 18000
A11: ='Base Bid'!A23 -> 0004 | B11: ='Base Bid'!B23 -> Escort (Section 012200) | C11: ='Base Bid'!C23 -> 1 | D11: ='Base Bid'!D23 -> LS | E11: 15000 | F11: =QTY*E11 -> 15000 | G11: 30000 | H11: =QTY*G11 -> 30000
A12: ='Base Bid'!A24 -> 0005 | B12: ='Base Bid'!B24 -> Erosion and Sediment Control (Section 012200) | C12: ='Base Bid'!C24 -> 1 | D12: ='Base Bid'!D24 -> LS | E12: 2460 | F12: =QTY*E12 -> 2460 | G12: 4000 | H12: =QTY*G12 -> 4000
A13: ='Base Bid'!A25 -> 0006 | B13: ='Base Bid'!B25 -> Dewatering (Section 012200) | C13: ='Base Bid'!C25 -> 100 | D13: ='Base Bid'!D25 -> Gal | E13: 28 | F13: =QTY*E13 -> 2800 | G13: 100 | H13: =QTY*G13 -> 10000
A14: ='Base Bid'!A26 -> 0007 | B14: ='Base Bid'!B26 -> Contaminated Soil Handling and Management (Section 012200) | C14: ='Base Bid'!C26 -> 10 | D14: ='Base Bid'!D26 -> CY | E14: 250 | F14: =QTY*E14 -> 2500 | G14: 100 | H14: =QTY*G14 -> 1000
A15: ='Base Bid'!A27 -> 0008 | B15: ='Base Bid'!B27 -> Temporary Sewage Bypassing (Section 012200) | C15: ='Base Bid'!C27 -> 1 | D15: ='Base Bid'!D27 -> LS | E15: 130000 | F15: =QTY*E15 -> 130000 | G15: 160000 | H15: =QTY*G15 -> 160000
A16: ='Base Bid'!A28 -> 0009 | B16: ='Base Bid'!B28 -> Removal, Haul, and Disposal of Demolition Debris (Section 012200) | C16: ='Base Bid'!C28 -> 1 | D16: ='Base Bid'!D28 -> LS | E16: 15000 | F16: =QTY*E16 -> 15000 | G16: 15000 | H16: =QTY*G16 -> 15000
A17: ='Base Bid'!A29 -> 0010 | B17: ='Base Bid'!B29 -> D9 Wet Well (SSLS 953) Mechanical Rehabilitation (Section 012200) | C17: ='Base Bid'!C29 -> 1 | D17: ='Base Bid'!D29 -> LS | E17: 105000 | F17: =QTY*E17 -> 105000 | G17: 80000 | H17: =QTY*G17 -> 80000
A18: ='Base Bid'!A30 -> 0011 | B18: ='Base Bid'!B30 -> D9 Valve Vault (STSVLT 863) Mechanical Rehabilitation (Section 012200) | C18: ='Base Bid'!C30 -> 1 | D18: ='Base Bid'!D30 -> LS | E18: 105000 | F18: =QTY*E18 -> 105000 | G18: 30000 | H18: =QTY*G18 -> 30000
A19: ='Base Bid'!A31 -> 0012 | B19: ='Base Bid'!B31 -> D9 Replacement of Existing Lids and Hatches (Section 012200) | C19: ='Base Bid'!C31 -> 2 | D19: ='Base Bid'!D31 -> Each | E19: 35000 | F19: =QTY*E19 -> 70000 | G19: 33000 | H19: =QTY*G19 -> 66000
... A32: ='Base Bid'!A44 -> 0025 | B32: ='Base Bid'!B44 -> Temporary Runway and Taxiway Marking (Item P-620) | C32: ='Base Bid'!C44 -> 295 | D32: ='Base Bid'!D44 -> SF | E32: 22.25 | F32: =QTY*E32 -> 6563.75 | G32: 3.5 | H32: =QTY*G32 -> 1032.5
B33: Total Amount Bid (Basis of Award) | F33: =SUM(F8:F32) -> 837232.5 | H33: =SUM(H8:H32) -> 802978.5

Sheet Alternate Bid Tabulation
A1: =ProjectLocation -> PORTLAND INTERNATIONAL AIRPORT | E1: MJ Hughes Construction, Inc. | G1: Engineer's Estimate
A2: =ProjectTitle -> SANITARY LIFT STATION REHABILITATION
A4: EAN 2023D025
A5: Solicitation No. 2024-10566
A6: =TODAY() -> 45726
A7: Item No. | B7: Item Description | C7: Estimated Quantity | D7: Units | E7: Unit Price | F7: Total Price | G7: Unit Price | H7: Total Price
A8: ='Additive Alternate'!A20 -> 0001 | B8: ='Additive Alternate'!B20 -> Mobilization, Surveying, Cleanup, and Demobilization (Section 012200) | C8: ='Additive Alternate'!C20 -> 1 | D8: ='Additive Alternate'!D20 -> LS | E8: 141000 | F8: =QTY*E8 -> 141000 | G8: 97210 | H8: =QTY*G8 -> 97210
A9: ='Additive Alternate'!A21 -> 0002 | B9: ='Additive Alternate'!B21 -> Sweeper (Section 012200) | C9: ='Additive Alternate'!C21 -> 1 | D9: ='Additive Alternate'!D21 -> LS | E9: 32000 | F9: =QTY*E9 -> 32000 | G9: 25000 | H9: =QTY*G9 -> 25000
A10: ='Additive Alternate'!A22 -> 0003 | B10: ='Additive Alternate'!B22 -> Work Zone and Traffic Control (Section 012200) | C10: ='Additive Alternate'!C22 -> 1 | D10: ='Additive Alternate'!D22 -> LS | E10: 19000 | F10: =QTY*E10 -> 19000 | G10: 48000 | H10: =QTY*G10 -> 48000
A11: ='Additive Alternate'!A23 -> 0004 | B11: ='Additive Alternate'!B23 -> Escort (Section 012200) | C11: ='Additive Alternate'!C23 -> 1 | D11: ='Additive Alternate'!D23 -> LS | E11: 14200 | F11: =QTY*E11 -> 14200 | G11: 30000 | H11: =QTY*G11 -> 30000
A12: ='Additive Alternate'!A24 -> 0005 | B12: ='Additive Alternate'!B24 -> Erosion and Sediment Control (Section 012200) | C12: ='Additive Alternate'!C24 -> 1 | D12: ='Additive Alternate'!D24 -> LS | E12: 2460 | F12: =QTY*E12 -> 2460 | G12: 5000 | H12: =QTY*G12 -> 5000
A13: ='Additive Alternate'!A25 -> 0006 | B13: ='Additive Alternate'!B25 -> Dewatering (Section 012200) | C13: ='Additive Alternate'!C25 -> 100 | D13: ='Additive Alternate'!D25 -> Gal | E13: 28 | F13: =QTY*E13 -> 2800 | G13: 100 | H13: =QTY*G13 -> 10000
A14: ='Additive Alternate'!A26 -> 0007 | B14: ='Additive Alternate'!B26 -> Contaminated Soil Handling and Management (Section 012200) | C14: ='Additive Alternate'!C26 -> 10 | D14: ='Additive Alternate'!D26 -> CY | E14: 250 | F14: =QTY*E14 -> 2500 | G14: 100 | H14: =QTY*G14 -> 1000
A15: ='Additive Alternate'!A27 -> 0008 | B15: ='Additive Alternate'!B27 -> Temporary Sewage Bypassing (Section 012200) | C15: ='Additive Alternate'!C27 -> 1 | D15: ='Additive Alternate'!D27 -> LS | E15: 100000 | F15: =QTY*E15 -> 100000 | G15: 90000 | H15: =QTY*G15 -> 90000
A16: ='Additive Alternate'!A28 -> 0009 | B16: ='Additive Alternate'!B28 -> Removal, Haul, and Disposal of Demolition Debris (Section 012200) | C16: ='Additive Alternate'!C28 -> 1 | D16: ='Additive Alternate'!D28 -> LS | E16: 13000 | F16: =QTY*E16 -> 13000 | G16: 20000 | H16: =QTY*G16 -> 20000
A17: ='Additive Alternate'!A29 -> 0010 | B17: ='Additive Alternate'!B29 -> B6 Wet Well (SSLS 950) Mechanical Rehabilitation (Section 012200) | C17: ='Additive Alternate'!C29 -> 1 | D17: ='Additive Alternate'!D29 -> LS | E17: 95000 | F17: =QTY*E17 -> 95000 | G17: 115000 | H17: =QTY*G17 -> 115000
A18: ='Additive Alternate'!A30 -> 0011 | B18: ='Additive Alternate'!B30 -> B6 Valve Vault (SSVLT 1202) Mechanical Rehabilitation (Section 012200) | C18: ='Additive Alternate'!C30 -> 1 | D18: ='Additive Alternate'!D30 -> LS | E18: 95000 | F18: =QTY*E18 -> 95000 | G18: 45000 | H18: =QTY*G18 -> 45000
A19: ='Additive Alternate'!A31 -> 0012 | B19: ='Additive Alternate'!B31 -> B6 Replacement of Existing Lids and Hatches (Section 012200) | C19: ='Additive Alternate'!C31 -> 2 | D19: ='Additive Alternate'!D31 -> Each | E19: 32100 | F19: =QTY*E19 -> 64200 | G19: 33000 | H19: =QTY*G19 -> 66000
... A32: ='Additive Alternate'!A44 -> 0025 | B32: ='Additive Alternate'!B44 -> Temporary Runway and Taxiway Marking (Item P-620) | C32: ='Additive Alternate'!C44 -> 3095 | D32: ='Additive Alternate'!D44 -> SF | E32: 11.25 | F32: =QTY*E32 -> 34818.75 | G32: 3.5 | H32: =QTY*G32 -> 10832.5
B33: Total Amount Additive Alternate A | F33: =SUM($F8:$F32) -> 924860 | H33: =SUM($H8:$H32) -> 868647.5

Sheet Summary
A1: =ProjectLocation -> PORTLAND INTERNATIONAL AIRPORT
A2: =ProjectTitle -> SANITARY LIFT STATION REHABILITATION
A4: =EAN -> EAN 2023D025
A5: =SolicitationNo -> Solicitation No. 2024-10566
A6: =TODAY() -> 45726
A7: Bidder | B7: Total Amount Base Bid | C7: Total Amount Additive Alternate A
A8: =Contractor1 -> MJ Hughes Construction, Inc. | B8: $837,232.50* | C8: $924,860.00*
A9: =EngineerEstimate -> Engineer's Estimate | B9: =TotalEE -> 802978.5 | C9: ='Alternate Bid Tabulation'!TotalEE -> 868647.5
A10: *Corrected Bid Total
A11: *Non-responsive to the small business requirements of this solicitation
