Workbook
Name AQTY: '[1]Bid Tab Schedule A'!$C:$C
Name ATotal1: '[1]Bid Tab Schedule A'!$F$19
Name ATotal2: '[1]Bid Tab Schedule A'!$H$19
Name ATotal3: '[1]Bid Tab Schedule A'!$J$19
Name ATotal4: '[1]Bid Tab Schedule A'!$L$19
Name ATotal5: '[1]Bid Tab Schedule A'!$N$19
Name ATotal6: '[1]Bid Tab Schedule A'!$P$19
Name ATotal7: '[1]Bid Tab Schedule A'!$R$19
Name ATotal8: '[1]Bid Tab Schedule A'!$T$19
Name ATotalEE: '[1]Bid Tab Schedule A'!$V$19
Name BQTY: '[1]Bid Tab Schedule B'!$C:$C
Name Contractor1: 'Base Bid Tabulation'!$E$1
Name Contractor2: 'Base Bid Tabulation'!$G$1
Name Contractor3: 'Base Bid Tabulation'!$I$1
Name Contractor4: 'Base Bid Tabulation'!$K$1
Name Contractor5: 'Base Bid Tabulation'!#REF!
Name Contractor6: 'Base Bid Tabulation'!#REF!
Name Contractor7: 'Base Bid Tabulation'!#REF!
Name Contractor8: 'Base Bid Tabulation'!#REF!
Name EAN: 'Base Bid Tabulation'!$A$4
Name EngineerEstimate: 'Base Bid Tabulation'!$M$1
Name ProjectLocation: 'Base Bid Item List'!$A$15
Name ProjectTitle: 'Base Bid Item List'!$A$16
Name ProjectTitle2: 'Base Bid Item List'!$A$17
Name QTY: 'Base Bid Tabulation'!$C:$C
Name SolicitationNo: 'Base Bid Tabulation'!$A$5
Name Total1: 'Base Bid Tabulation'!$F$61
Name Total2: 'Base Bid Tabulation'!$H$61
Name Total3: 'Base Bid Tabulation'!$J$61
Name Total4: 'Base Bid Tabulation'!$L$61
Name Total5: 'Base Bid Tabulation'!#REF!
Name Total6: 'Base Bid Tabulation'!#REF!
Name Total7: 'Base Bid Tabulation'!#REF!
Name Total8: 'Base Bid Tabulation'!#REF!
Name TotalEE: 'Base Bid Tabulation'!$N$61

Sheet Base Bid Item List
A1: Acre
A2: CY
A3: Each
A4: FT
A5: Gal
A6: Hour
A7: LB
A8: LF
A9: LS
A10: Mile
A11: SF
A12: SY
... A16: TAXIWAYS A, K, T AND SOUTH RUNWAY EXITS REHABILITATION
A19: Item No. | B19: Item Description | C19: Estimated Quantity | D19: Units | E19: Unit Price | F19: Total Price
A20: 0001 | B20: Sweeper (Section 012200) | C20: 1 | D20: LS | G20: =MID(B20,FIND("(",B20)+1,FIND(")",B20)-FIND("(",B20)-1) -> Section 012200 | H20: 012200
A21: 0002 | B21: Security Control Monitoring (Section 012200) | C21: 1 | D21: LS | G21: =MID(B21,FIND("(",B21)+1,FIND(")",B21)-FIND("(",B21)-1) -> Section 012200 | H21: 012200
A22: 0003 | B22: Work Zone and Traffic Control (Section 012200) | C22: 1 | D22: LS | G22: =MID(B22,FIND("(",B22)+1,FIND(")",B22)-FIND("(",B22)-1) -> Section 012200 | H22: 012200
A23: 0004 | B23: Escort (Section 012200) | C23: 1 | D23: LS | G23: =MID(B23,FIND("(",B23)+1,FIND(")",B23)-FIND("(",B23)-1) -> Section 012200 | H23: 012200
A24: 0005 | B24: Inlet Protection (Section 015713) | C24: 44 | D24: Each | G24: =MID(B24,FIND("(",B24)+1,FIND(")",B24)-FIND("(",B24)-1) -> Section 015713 | H24: 015713
A25: 0006 | B25: Mobilization (Item C-105) | C25: 1 | D25: LS | G25: =MID(B25,FIND("(",B25)+1,FIND(")",B25)-FIND("(",B25)-1) -> Item C-105 | H25: C-105
A26: 0007 | B26: Asphalt Pavement Removal - 16-Inch Depth (Item P-101) | C26: 15000 | D26: SY | G26: =MID(B26,FIND("(",B26)+1,FIND(")",B26)-FIND("(",B26)-1) -> Item P-101 | H26: P-101
A27: 0008 | B27: Cold Milling - 2- to 4-Inch Depth (Item P-101) | C27: 74000 | D27: SY | G27: =MID(B27,FIND("(",B27)+1,FIND(")",B27)-FIND("(",B27)-1) -> Item P-101 | H27: P-101
A28: 0009 | B28: Removal of Pipe and Other Buried Structures (Item P-101) | C28: 1 | D28: LS | G28: =MID(B28,FIND("(",B28)+1,FIND(")",B28)-FIND("(",B28)-1) -> Item P-101 | H28: P-101
A29: 0010 | B29: Unclassified Excavation (Item P-152) | C29: 4900 | D29: CY | G29: =MID(B29,FIND("(",B29)+1,FIND(")",B29)-FIND("(",B29)-1) -> Item P-152 | H29: P-152
A30: 0011 | B30: Existing Subgrade Stabilzation (Item P-152) | C30: 500 | D30: CY | G30: =MID(B30,FIND("(",B30)+1,FIND(")",B30)-FIND("(",B30)-1) -> Item P-152 | H30: P-152
A31: 0012 | B31: Controlled Low-Strength Material (CLSM) (Item P-153) | C31: 226 | D31: CY | G31: =MID(B31,FIND("(",B31)+1,FIND(")",B31)-FIND("(",B31)-1) -> CLSM | H31: CLSM
... A72: 0053 | B72: Sign CE-10 (Section 344302) | C72: 1 | D72: LS | G72: =MID(B72,FIND("(",B72)+1,FIND(")",B72)-FIND("(",B72)-1) -> Section 344302 | H72: 344302
B73: Total Amount Base Bid (Basis of Award) | F73: $___________

Sheet Alternate Item List
A1: Acre
A2: CY
A3: Each
A4: FT
A5: Gal
A6: Hour
A7: LB
A8: LF
A9: LS
A10: Mile
A11: SF
A12: SY
A13: Ton
A15: =ProjectLocation -> PORTLAND INTERNATIONAL AIRPORT
A16: =ProjectTitle -> TAXIWAYS A, K, T AND SOUTH RUNWAY EXITS REHABILITATION
A17: =ProjectTitle2 & ""
A19: Item No. | B19: Item Description | C19: Estimated Quantity | D19: Units | E19: Unit Price | F19: Total Price
A20: 0001 | B20: Sweeper (Section 012200) | C20: 1 | D20: LS
A21: 0002 | B21: Security Control Monitoring (Section 012200) | C21: 1 | D21: LS
A22: 0003 | B22: Work Zone and Traffic Control (Section 012200) | C22: 1 | D22: LS
A23: 0004 | B23: Escort (Section 012200) | C23: 1 | D23: LS
A24: 0005 | B24: Inlet Protection (Section 015713) | C24: 23 | D24: Each
A25: 0006 | B25: Mobilization (Item C-105) | C25: 1 | D25: LS
A26: 0007 | B26: Cold Milling - 2- to 4-Inch Depth (Item P-101) | C26: 17700 | D26: SY
A27: 0008 | B27: Asphalt Surface Course (Item P-401) | C27: 3000 | D27: Ton
A28: 0009 | B28: Emulsified Asphalt Tack Coat (Item P-603) | C28: 200 | D28: Gal
A29: 0010 | B29: Joint Sealing Filler (Item P-605) | C29: 24 | D29: Gal
A30: 0011 | B30: Adhesive Compound (Item P-606) | C30: 41 | D30: Gal
A31: 0012 | B31: Surface Preparation - Existing Pavement Surface (Item P-620) | C31: 14600 | D31: SF
... A40: 0021 | B40: Adjust Existing Taxiway Centerline Light to New Finish Elevation (Section 344301) | C40: 77 | D40: Each
B41: Total Amount Additive Alternate A | F41: $___________

Sheet Base Bid Tabulation
A1: PORTLAND INTERNATIONAL AIRPORT | E1: Granite Construction Company | G1: K & E Excavating, Inc. | I1: Kerr Contractors Oregon LLC | K1: Lakeside Industries, Inc. | M1: Engineer's Estimate
A2: TAXIWAYS A, K, T AND SOUTH RUNWAY
A3: EXITS REHABILITATION
A4: EAN 2022D028
A5: Solicitation No. 2023-10399
A6: =TODAY() -> 46042
A7: Item No. | B7: Item Description | C7: Estimated Quantity | D7: Units | E7: Unit Price | F7: Total Price | G7: Unit Price | H7: Total Price | I7: Unit Price | J7: Total Price | K7: Unit Price | L7: Total Price | M7: Unit Price | N7: Total Price
A8: ='Base Bid Item List'!A20 -> 0001 | B8: ='Base Bid Item List'!B20 -> Sweeper (Section 012200) | C8: ='Base Bid Item List'!C20 -> 1 | D8: ='Base Bid Item List'!D20 -> LS | E8: 385000 | F8: =QTY*E8 -> 385000 | G8: 470000 | H8: =QTY*G8 -> 470000 | I8: 610865 | J8: =QTY*I8 -> 610865 | K8: 410000 | L8: =QTY*K8 -> 410000 | M8: 191250 | N8: =QTY*M8 -> 191250
A9: ='Base Bid Item List'!A21 -> 0002 | B9: ='Base Bid Item List'!B21 -> Security Control Monitoring (Section 012200) | C9: ='Base Bid Item List'!C21 -> 1 | D9: ='Base Bid Item List'!D21 -> LS | E9: 290000 | F9: =QTY*E9 -> 290000 | G9: 10000 | H9: =QTY*G9 -> 10000 | I9: 174000 | J9: =QTY*I9 -> 174000 | K9: 65000 | L9: =QTY*K9 -> 65000 | M9: 125000 | N9: =QTY*M9 -> 125000
A10: ='Base Bid Item List'!A22 -> 0003 | B10: ='Base Bid Item List'!B22 -> Work Zone and Traffic Control (Section 012200) | C10: ='Base Bid Item List'!C22 -> 1 | D10: ='Base Bid Item List'!D22 -> LS | E10: 275000 | F10: =QTY*E10 -> 275000 | G10: 180000 | H10: =QTY*G10 -> 180000 | I10: 561055 | J10: =QTY*I10 -> 561055 | K10: 375000 | L10: =QTY*K10 -> 375000 | M10: 200000 | N10: =QTY*M10 -> 200000
A11: ='Base Bid Item List'!A23 -> 0004 | B11: ='Base Bid Item List'!B23 -> Escort (Section 012200) | C11: ='Base Bid Item List'!C23 -> 1 | D11: ='Base Bid Item List'!D23 -> LS | E11: 260000 | F11: =QTY*E11 -> 260000 | G11: 223000 | H11: =QTY*G11 -> 223000 | I11: 586790 | J11: =QTY*I11 -> 586790 | K11: 210000 | L11: =QTY*K11 -> 210000 | M11: 168300 | N11: =QTY*M11 -> 168300
A12: ='Base Bid Item List'!A24 -> 0005 | B12: ='Base Bid Item List'!B24 -> Inlet Protection (Section 015713) | C12: ='Base Bid Item List'!C24 -> 44 | D12: ='Base Bid Item List'!D24 -> Each | E12: 190 | F12: =QTY*E12 -> 8360 | G12: 153 | H12: =QTY*G12 -> 6732 | I12: 265 | J12: =QTY*I12 -> 11660 | K12: 275 | L12: =QTY*K12 -> 12100 | M12: 120 | N12: =QTY*M12 -> 5280
A13: ='Base Bid Item List'!A25 -> 0006 | B13: ='Base Bid Item List'!B25 -> Mobilization (Item C-105) | C13: ='Base Bid Item List'!C25 -> 1 | D13: ='Base Bid Item List'!D25 -> LS | E13: 985721.74 | F13: =QTY*E13 -> 985721.74 | G13: 920000 | H13: =QTY*G13 -> 920000 | I13: 1112220 | J13: =QTY*I13 -> 1112220 | K13: 950000 | L13: =QTY*K13 -> 950000 | M13: 900162 | N13: =QTY*M13 -> 900162
A14: ='Base Bid Item List'!A26 -> 0007 | B14: ='Base Bid Item List'!B26 -> Asphalt Pavement Removal - 16-Inch Depth (Item P-101) | C14: ='Base Bid Item List'!C26 -> 15000 | D14: ='Base Bid Item List'!D26 -> SY | E14: 28 | F14: =QTY*E14 -> 420000 | G14: 21 | H14: =QTY*G14 -> 315000 | I14: 50 | J14: =QTY*I14 -> 750000 | K14: 18.9 | L14: =QTY*K14 -> 283500 | M14: 25 | N14: =QTY*M14 -> 375000
A15: ='Base Bid Item List'!A27 -> 0008 | B15: ='Base Bid Item List'!B27 -> Cold Milling - 2- to 4-Inch Depth (Item P-101) | C15: ='Base Bid Item List'!C27 -> 74000 | D15: ='Base Bid Item List'!D27 -> SY | E15: 6 | F15: =QTY*E15 -> 444000 | G15: 3.25 | H15: =QTY*G15 -> 240500 | I15: 9.5 | J15: =QTY*I15 -> 703000 | K15: 4.25 | L15: =QTY*K15 -> 314500 | M15: 5.5 | N15: =QTY*M15 -> 407000
A16: ='Base Bid Item List'!A28 -> 0009 | B16: ='Base Bid Item List'!B28 -> Removal of Pipe and Other Buried Structures (Item P-101) | C16: ='Base Bid Item List'!C28 -> 1 | D16: ='Base Bid Item List'!D28 -> LS | E16: 20000 | F16: =QTY*E16 -> 20000 | G16: 47000 | H16: =QTY*G16 -> 47000 | I16: 88418 | J16: =QTY*I16 -> 88418 | K16: 100000 | L16: =QTY*K16 -> 100000 | M16: 75000 | N16: =QTY*M16 -> 75000
A17: ='Base Bid Item List'!A29 -> 0010 | B17: ='Base Bid Item List'!B29 -> Unclassified Excavation (Item P-152) | C17: ='Base Bid Item List'!C29 -> 4900 | D17: ='Base Bid Item List'!D29 -> CY | E17: 65 | F17: =QTY*E17 -> 318500 | G17: 19 | H17: =QTY*G17 -> 93100 | I17: 49 | J17: =QTY*I17 -> 240100 | K17: 60 | L17: =QTY*K17 -> 294000 | M17: 60 | N17: =QTY*M17 -> 294000
A18: ='Base Bid Item List'!A30 -> 0011 | B18: ='Base Bid Item List'!B30 -> Existing Subgrade Stabilzation (Item P-152) | C18: ='Base Bid Item List'!C30 -> 500 | D18: ='Base Bid Item List'!D30 -> CY | E18: 180 | F18: =QTY*E18 -> 90000 | G18: 105 | H18: =QTY*G18 -> 52500 | I18: 157 | J18: =QTY*I18 -> 78500 | K18: 190 | L18: =QTY*K18 -> 95000 | M18: 100 | N18: =QTY*M18 -> 50000
A19: ='Base Bid Item List'!A31 -> 0012 | B19: ='Base Bid Item List'!B31 -> Controlled Low-Strength Material (CLSM) (Item P-153) | C19: ='Base Bid Item List'!C31 -> 226 | D19: ='Base Bid Item List'!D31 -> CY | E19: 160 | F19: =QTY*E19 -> 36160 | G19: 250 | H19: =QTY*G19 -> 56500 | I19: 400 | J19: =QTY*I19 -> 90400 | K19: 400 | L19: =QTY*K19 -> 90400 | M19: 350 | N19: =QTY*M19 -> 79100
... A60: ='Base Bid Item List'!A72 -> 0053 | B60: ='Base Bid Item List'!B72 -> Sign CE-10 (Section 344302) | C60: ='Base Bid Item List'!C72 -> 1 | D60: ='Base Bid Item List'!D72 -> LS | E60: 6558.95 | F60: =QTY*E60 -> 6558.95 | G60: 6360 | H60: =QTY*G60 -> 6360 | I60: 5500 | J60: =QTY*I60 -> 5500 | K60: 6500 | L60: =QTY*K60 -> 6500 | M60: 9000 | N60: =QTY*M60 -> 9000
B61: Total Amount Base Bid (Basis of Award) | F61: =SUM(F8:F60) -> 9919824.2 | H61: =SUM(H8:H60) -> 9310111 | J61: =SUM(J8:J60) -> 11122201 | L61: =SUM(L8:L60) -> 9613552.5 | N61: =SUM(N8:N60) -> 9294052

Sheet Alternate Bid Tabulation
A1: PORTLAND INTERNATIONAL AIRPORT | E1: =Contractor1 -> Granite Construction Company | G1: =Contractor2 -> K & E Excavating, Inc. | I1: =Contractor3 -> Kerr Contractors Oregon LLC | K1: =Contractor4 -> Lakeside Industries, Inc. | M1: =EngineerEstimate -> Engineer's Estimate
A2: TAXIWAYS A, K, T AND SOUTH RUNWAY
A3: EXITS REHABILITATION
A4: EAN 2022D028
A5: Solicitation No. 2023-10399
A6: =TODAY() -> 46042
A7: Item No. | B7: Item Description | C7: Estimated Quantity | D7: Units | E7: Unit Price | F7: Total Price | G7: Unit Price | H7: Total Price | I7: Unit Price | J7: Total Price | K7: Unit Price | L7: Total Price | M7: Unit Price | N7: Total Price
A8: ='Alternate Item List'!A20 -> 0001 | B8: ='Alternate Item List'!B20 -> Sweeper (Section 012200) | C8: ='Alternate Item List'!C20 -> 1 | D8: ='Alternate Item List'!D20 -> LS | E8: 60000 | F8: =C8*E8 -> 60000 | G8: 104000 | H8: =C8*G8 -> 104000 | I8: 69065 | J8: =C8*I8 -> 69065 | K8: 65000 | L8: =C8*K8 -> 65000 | M8: 33750 | N8: =M8*C8 -> 33750
A9: ='Alternate Item List'!A21 -> 0002 | B9: ='Alternate Item List'!B21 -> Security Control Monitoring (Section 012200) | C9: ='Alternate Item List'!C21 -> 1 | D9: ='Alternate Item List'!D21 -> LS | E9: 30000 | F9: =C9*E9 -> 30000 | G9: 1000 | H9: =C9*G9 -> 1000 | I9: 19680 | J9: =C9*I9 -> 19680 | K9: 7000 | L9: =C9*K9 -> 7000 | M9: 16000 | N9: =M9*C9 -> 16000
A10: ='Alternate Item List'!A22 -> 0003 | B10: ='Alternate Item List'!B22 -> Work Zone and Traffic Control (Section 012200) | C10: ='Alternate Item List'!C22 -> 1 | D10: ='Alternate Item List'!D22 -> LS | E10: 40000 | F10: =C10*E10 -> 40000 | G10: 35300 | H10: =C10*G10 -> 35300 | I10: 98770 | J10: =C10*I10 -> 98770 | K10: 31000 | L10: =C10*K10 -> 31000 | M10: 25000 | N10: =M10*C10 -> 25000
A11: ='Alternate Item List'!A23 -> 0004 | B11: ='Alternate Item List'!B23 -> Escort (Section 012200) | C11: ='Alternate Item List'!C23 -> 1 | D11: ='Alternate Item List'!D23 -> LS | E11: 20000 | F11: =C11*E11 -> 20000 | G11: 50000 | H11: =C11*G11 -> 50000 | I11: 75930 | J11: =C11*I11 -> 75930 | K11: 22042 | L11: =C11*K11 -> 22042 | M11: 29700 | N11: =M11*C11 -> 29700
A12: ='Alternate Item List'!A24 -> 0005 | B12: ='Alternate Item List'!B24 -> Inlet Protection (Section 015713) | C12: ='Alternate Item List'!C24 -> 23 | D12: ='Alternate Item List'!D24 -> Each | E12: 127.91 | F12: =C12*E12 -> 2941.93 | G12: 135 | H12: =C12*G12 -> 3105 | I12: 265 | J12: =C12*I12 -> 6095 | K12: 257 | L12: =C12*K12 -> 5911 | M12: 120 | N12: =M12*C12 -> 2760
A13: ='Alternate Item List'!A25 -> 0006 | B13: ='Alternate Item List'!B25 -> Mobilization (Item C-105) | C13: ='Alternate Item List'!C25 -> 1 | D13: ='Alternate Item List'!D25 -> LS | E13: 85000 | F13: =C13*E13 -> 85000 | G13: 109000 | H13: =C13*G13 -> 109000 | I13: 121824 | J13: =C13*I13 -> 121824 | K13: 94000 | L13: =C13*K13 -> 94000 | M13: 100621 | N13: =M13*C13 -> 100621
A14: ='Alternate Item List'!A26 -> 0007 | B14: ='Alternate Item List'!B26 -> Cold Milling - 2- to 4-Inch Depth (Item P-101) | C14: ='Alternate Item List'!C26 -> 17700 | D14: ='Alternate Item List'!D26 -> SY | E14: 4 | F14: =C14*E14 -> 70800 | G14: 3.4 | H14: =C14*G14 -> 60180 | I14: 9.5 | J14: =C14*I14 -> 168150 | K14: 4.4 | L14: =C14*K14 -> 77880 | M14: 5.5 | N14: =M14*C14 -> 97350
A15: ='Alternate Item List'!A27 -> 0008 | B15: ='Alternate Item List'!B27 -> Asphalt Surface Course (Item P-401) | C15: ='Alternate Item List'!C27 -> 3000 | D15: ='Alternate Item List'!D27 -> Ton | E15: 160 | F15: =C15*E15 -> 480000 | G15: 161 | H15: =C15*G15 -> 483000 | I15: 140 | J15: =C15*I15 -> 420000 | K15: 130 | L15: =C15*K15 -> 390000 | M15: 170 | N15: =M15*C15 -> 510000
A16: ='Alternate Item List'!A28 -> 0009 | B16: ='Alternate Item List'!B28 -> Emulsified Asphalt Tack Coat (Item P-603) | C16: ='Alternate Item List'!C28 -> 200 | D16: ='Alternate Item List'!D28 -> Gal | E16: 20 | F16: =C16*E16 -> 4000 | G16: 12 | H16: =C16*G16 -> 2400 | I16: 10.5 | J16: =C16*I16 -> 2100 | K16: 10.5 | L16: =C16*K16 -> 2100 | M16: 2.5 | N16: =M16*C16 -> 500
A17: ='Alternate Item List'!A29 -> 0010 | B17: ='Alternate Item List'!B29 -> Joint Sealing Filler (Item P-605) | C17: ='Alternate Item List'!C29 -> 24 | D17: ='Alternate Item List'!D29 -> Gal | E17: 131.18 | F17: =C17*E17 -> 3148.32 | G17: 127 | H17: =C17*G17 -> 3048 | I17: 110 | J17: =C17*I17 -> 2640 | K17: 130 | L17: =C17*K17 -> 3120 | M17: 240 | N17: =M17*C17 -> 5760
A18: ='Alternate Item List'!A30 -> 0011 | B18: ='Alternate Item List'!B30 -> Adhesive Compound (Item P-606) | C18: ='Alternate Item List'!C30 -> 41 | D18: ='Alternate Item List'!D30 -> Gal | E18: 262.36 | F18: =C18*E18 -> 10756.76 | G18: 254 | H18: =C18*G18 -> 10414 | I18: 220 | J18: =C18*I18 -> 9020 | K18: 265 | L18: =C18*K18 -> 10865 | M18: 260 | N18: =M18*C18 -> 10660
A19: ='Alternate Item List'!A31 -> 0012 | B19: ='Alternate Item List'!B31 -> Surface Preparation - Existing Pavement Surface (Item P-620) | C19: ='Alternate Item List'!C31 -> 14600 | D19: ='Alternate Item List'!D31 -> SF | E19: 0.71 | F19: =C19*E19 -> 10366 | G19: 0.72 | H19: =C19*G19 -> 10512 | I19: 0.62 | J19: =C19*I19 -> 9052 | K19: 0.75 | L19: =C19*K19 -> 10950 | M19: 0.25 | N19: =M19*C19 -> 3650
... A28: ='Alternate Item List'!A40 -> 0021 | B28: ='Alternate Item List'!B40 -> Adjust Existing Taxiway Centerline Light to New Finish Elevation (Section 344301) | C28: ='Alternate Item List'!C40 -> 77 | D28: ='Alternate Item List'!D40 -> Each | E28: 1192.56 | F28: =C28*E28 -> 91827.12 | G28: 1150 | H28: =C28*G28 -> 88550 | I28: 1000 | J28: =C28*I28 -> 77000 | K28: 1225 | L28: =C28*K28 -> 94325 | M28: 2500 | N28: =M28*C28 -> 192500
B29: Total Amount Additive Alternate A | F29: =SUM(F8:F28) -> 1018239.7 | H29: =SUM(H8:H28) -> 1095921.8 | J29: =SUM(J8:J28) -> 1218247.2 | L29: =SUM(L8:L28) -> 967073 | N29: =SUM(N8:N24) -> 911201
B30: Total Amount Base Bid and Additive Alternate A | F30: =F29+Total1 -> 10938064 | H30: =H29+Total2 -> 10406033 | J30: =J29+Total3 -> 12340448 | L30: =L29+Total4 -> 10580626 | N30: =N29+TotalEE -> 10205253

Sheet Summary
A1: =ProjectLocation -> PORTLAND INTERNATIONAL AIRPORT
A2: TAXIWAYS A, K, T AND SOUTH RUNWAY
A3: EXITS REHABILITATION
A4: =EAN -> EAN 2022D028
A5: =SolicitationNo -> Solicitation No. 2023-10399
A6: =TODAY() -> 46042
A7: Bidder | B7: Total Base Bid Price | C7: Total Additive Alternate A
A8: =Contractor2 -> K & E Excavating, Inc. | B8: $9,310,111.00* | C8: ='Alternate Bid Tabulation'!H29 -> 1095921.8 | D8: 3
A9: =Contractor4 -> Lakeside Industries, Inc. | B9: =Total4 -> 9613552.5 | C9: ='Alternate Bid Tabulation'!L29 -> 967073 | D9: 1
A10: =Contractor1 -> Granite Construction Company | B10: $9,919,824.16* | C10: ='Alternate Bid Tabulation'!F29 -> 1018239.7 | D10: 2
A11: =Contractor3 -> Kerr Contractors Oregon LLC | B11: =Total3 -> 11122201 | C11: ='Alternate Bid Tabulation'!J29 -> 1218247.2 | D11: 4
A12: =EngineerEstimate -> Engineer's Estimate | B12: =TotalEE -> 9294052 | C12: ='Alternate Bid Tabulation'!N29 -> 911201
A13: *Corrected Bid Total
A14: ^Corrected Bid Total
