Workbook

Sheet Bid Item List (small)
A1: Acre
A2: CY
A3: Each
A4: FT
A5: Gal
A6: Hour
A7: LB
A8: LF
A9: LS
A10: Mile
A11: SF
A12: SY
... A16: COLWOOD PIPE AND OUTFALLS
A19: Item No. | B19: Item Description | C19: Estimated Quantity | D19: Units | E19: Unit Price | F19: Total Price
A20: 0001 | B20: Mobilization, Surveying, Cleanup, and Demobilization | C20: 1 | D20: LS
A21: 0002 | B21: Work Zone Traffic Control | C21: 1 | D21: LS
A22: 0003 | B22: Temporary Erosion, Sediment, and Pollution Control | C22: 1 | D22: LS
A23: 0004 | B23: Site Demolition | C23: 1 | D23: LS
A24: 0005 | B24: Clearing and Grubbing | C24: 1 | D24: LS
A25: 0006 | B25: Trench Excavation and General Native Backfill | C25: 577 | D25: LF
A26: 0007 | B26: Trench Excavation and Select Native Backfill | C26: 622 | D26: LF
A27: 0008 | B27: Trench Excavation and Select Backfill | C27: 48 | D27: LF
A28: 0009 | B28: Offsite Haul and Disposal | C28: 6060 | D28: CY
A29: 0010 | B29: Contaminated Soil Sediment Excavation and Disposal | C29: 255 | D29: Ton
A30: 0011 | B30: Shoring | C30: 1 | D30: LS
A31: 0012 | B31: Pipe Zone and Bedding Material | C31: 2940 | D31: CY
... A49: 0030 | B49: Landscape Restoration | C49: 1 | D49: LS
B50: Total Amount Bid (Basis of Award) | F50: $___________

Sheet Bid Tab (1-3)
A1: ='Bid Item List (small)'!$A$15 -> PORTLAND INTERNATIONAL AIRPORT | E1: Emery & Sons | G1: James W. Fowler Co. | I1: K&E Excavating, Inc.
A2: ='Bid Item List (small)'!$A$16 -> COLWOOD PIPE AND OUTFALLS
A3: ='Bid Item List (small)'!$A$17 -> 0
A4: EAN 2015D006
A5: Solicitation No. 2015-6576
A6: =TODAY() -> 42397
A7: Item No. | B7: Item Description | C7: Estimated Quantity | D7: Units | E7: Unit Price | F7: Total Price | G7: Unit Price | H7: Total Price | I7: Unit Price | J7: Total Price
A8: ='Bid Item List (small)'!A20 -> 0001 | B8: ='Bid Item List (small)'!B20 -> Mobilization, Surveying, Cleanup, and Demobilization | C8: ='Bid Item List (small)'!C20 -> 1 | D8: ='Bid Item List (small)'!D20 -> LS | E8: 220000 | F8: =C8*E8 -> 220000 | G8: 190000 | H8: =C8*G8 -> 190000 | I8: 140000 | J8: =C8*I8 -> 140000
A9: ='Bid Item List (small)'!A21 -> 0002 | B9: ='Bid Item List (small)'!B21 -> Work Zone Traffic Control | C9: ='Bid Item List (small)'!C21 -> 1 | D9: ='Bid Item List (small)'!D21 -> LS | E9: 10000 | F9: =C9*E9 -> 10000 | G9: 10000 | H9: =C9*G9 -> 10000 | I9: 23000 | J9: =C9*I9 -> 23000
A10: ='Bid Item List (small)'!A22 -> 0003 | B10: ='Bid Item List (small)'!B22 -> Temporary Erosion, Sediment, and Pollution Control | C10: ='Bid Item List (small)'!C22 -> 1 | D10: ='Bid Item List (small)'!D22 -> LS | E10: 15000 | F10: =C10*E10 -> 15000 | G10: 10000 | H10: =C10*G10 -> 10000 | I10: 11000 | J10: =C10*I10 -> 11000
A11: ='Bid Item List (small)'!A23 -> 0004 | B11: ='Bid Item List (small)'!B23 -> Site Demolition | C11: ='Bid Item List (small)'!C23 -> 1 | D11: ='Bid Item List (small)'!D23 -> LS | E11: 15000 | F11: =C11*E11 -> 15000 | G11: 2300 | H11: =C11*G11 -> 2300 | I11: 8000 | J11: =C11*I11 -> 8000
A12: ='Bid Item List (small)'!A24 -> 0005 | B12: ='Bid Item List (small)'!B24 -> Clearing and Grubbing | C12: ='Bid Item List (small)'!C24 -> 1 | D12: ='Bid Item List (small)'!D24 -> LS | E12: 55000 | F12: =C12*E12 -> 55000 | G12: 30000 | H12: =C12*G12 -> 30000 | I12: 16000 | J12: =C12*I12 -> 16000
A13: ='Bid Item List (small)'!A25 -> 0006 | B13: ='Bid Item List (small)'!B25 -> Trench Excavation and General Native Backfill | C13: ='Bid Item List (small)'!C25 -> 577 | D13: ='Bid Item List (small)'!D25 -> LF | E13: 768 | F13: =C13*E13 -> 443136 | G13: 145 | H13: =C13*G13 -> 83665 | I13: 143 | J13: =C13*I13 -> 82511
A14: ='Bid Item List (small)'!A26 -> 0007 | B14: ='Bid Item List (small)'!B26 -> Trench Excavation and Select Native Backfill | C14: ='Bid Item List (small)'!C26 -> 622 | D14: ='Bid Item List (small)'!D26 -> LF | E14: 755 | F14: =C14*E14 -> 469610 | G14: 145 | H14: =C14*G14 -> 90190 | I14: 172 | J14: =C14*I14 -> 106984
A15: ='Bid Item List (small)'!A27 -> 0008 | B15: ='Bid Item List (small)'!B27 -> Trench Excavation and Select Backfill | C15: ='Bid Item List (small)'!C27 -> 48 | D15: ='Bid Item List (small)'!D27 -> LF | E15: 1160 | F15: =C15*E15 -> 55680 | G15: 800 | H15: =C15*G15 -> 38400 | I15: 1307 | J15: =C15*I15 -> 62736
A16: ='Bid Item List (small)'!A28 -> 0009 | B16: ='Bid Item List (small)'!B28 -> Offsite Haul and Disposal | C16: ='Bid Item List (small)'!C28 -> 6060 | D16: ='Bid Item List (small)'!D28 -> CY | E16: 20 | F16: =C16*E16 -> 121200 | G16: 12 | H16: =C16*G16 -> 72720 | I16: 8 | J16: =C16*I16 -> 48480
A17: ='Bid Item List (small)'!A29 -> 0010 | B17: ='Bid Item List (small)'!B29 -> Contaminated Soil Sediment Excavation and Disposal | C17: ='Bid Item List (small)'!C29 -> 255 | D17: ='Bid Item List (small)'!D29 -> Ton | E17: 55 | F17: =C17*E17 -> 14025 | G17: 46 | H17: =C17*G17 -> 11730 | I17: 55 | J17: =C17*I17 -> 14025
A18: ='Bid Item List (small)'!A30 -> 0011 | B18: ='Bid Item List (small)'!B30 -> Shoring | C18: ='Bid Item List (small)'!C30 -> 1 | D18: ='Bid Item List (small)'!D30 -> LS | E18: 4000 | F18: =C18*E18 -> 4000 | G18: 10000 | H18: =C18*G18 -> 10000 | I18: 16000 | J18: =C18*I18 -> 16000
A19: ='Bid Item List (small)'!A31 -> 0012 | B19: ='Bid Item List (small)'!B31 -> Pipe Zone and Bedding Material | C19: ='Bid Item List (small)'!C31 -> 2940 | D19: ='Bid Item List (small)'!D31 -> CY | E19: 33 | F19: =C19*E19 -> 97020 | G19: 26 | H19: =C19*G19 -> 76440 | I19: 28 | J19: =C19*I19 -> 82320
... A37: ='Bid Item List (small)'!A49 -> 0030 | B37: ='Bid Item List (small)'!B49 -> Landscape Restoration | C37: ='Bid Item List (small)'!C49 -> 1 | D37: ='Bid Item List (small)'!D49 -> LS | E37: 14000 | F37: =C37*E37 -> 14000 | G37: 9000 | H37: =C37*G37 -> 9000 | I37: 26000 | J37: =C37*I37 -> 26000
B38: ='Bid Item List (small)'!B50 -> Total Amount Bid (Basis of Award) | D38: ='Bid Item List (small)'!D50 -> 0 | F38: =SUM(F8:F37) -> 2312472 | H38: =SUM(H8:H37) -> 2047715 | J38: =SUM(J8:J37) -> 1843275

Sheet Bid Tab (4-6)
A1: ='Bid Item List (small)'!$A$15 -> PORTLAND INTERNATIONAL AIRPORT | E1: Kerr Contractors, Oregon, Inc. | G1: MJ Hughes Construction, Inc. | I1: Moore Excavation, Inc.
A2: ='Bid Item List (small)'!$A$16 -> COLWOOD PIPE AND OUTFALLS
A3: ='Bid Item List (small)'!$A$17 -> 0
A4: EAN 2015D006
A5: Solicitation No. 2015-6576
A6: =TODAY() -> 42397
A7: Item No. | B7: Item Description | C7: Estimated Quantity | D7: Units | E7: Unit Price | F7: Total Price | G7: Unit Price | H7: Total Price | I7: Unit Price | J7: Total Price
A8: ='Bid Item List (small)'!A20 -> 0001 | B8: ='Bid Item List (small)'!B20 -> Mobilization, Surveying, Cleanup, and Demobilization | C8: ='Bid Item List (small)'!C20 -> 1 | D8: ='Bid Item List (small)'!D20 -> LS | E8: 161387 | F8: =C8*E8 -> 161387 | G8: 200000 | H8: =C8*G8 -> 200000 | I8: 240000 | J8: =C8*I8 -> 240000
A9: ='Bid Item List (small)'!A21 -> 0002 | B9: ='Bid Item List (small)'!B21 -> Work Zone Traffic Control | C9: ='Bid Item List (small)'!C21 -> 1 | D9: ='Bid Item List (small)'!D21 -> LS | E9: 20685 | F9: =C9*E9 -> 20685 | G9: 20000 | H9: =C9*G9 -> 20000 | I9: 25000 | J9: =C9*I9 -> 25000
A10: ='Bid Item List (small)'!A22 -> 0003 | B10: ='Bid Item List (small)'!B22 -> Temporary Erosion, Sediment, and Pollution Control | C10: ='Bid Item List (small)'!C22 -> 1 | D10: ='Bid Item List (small)'!D22 -> LS | E10: 21675 | F10: =C10*E10 -> 21675 | G10: 20000 | H10: =C10*G10 -> 20000 | I10: 40000 | J10: =C10*I10 -> 40000
A11: ='Bid Item List (small)'!A23 -> 0004 | B11: ='Bid Item List (small)'!B23 -> Site Demolition | C11: ='Bid Item List (small)'!C23 -> 1 | D11: ='Bid Item List (small)'!D23 -> LS | E11: 2225 | F11: =C11*E11 -> 2225 | G11: 10000 | H11: =C11*G11 -> 10000 | I11: 15000 | J11: =C11*I11 -> 15000
A12: ='Bid Item List (small)'!A24 -> 0005 | B12: ='Bid Item List (small)'!B24 -> Clearing and Grubbing | C12: ='Bid Item List (small)'!C24 -> 1 | D12: ='Bid Item List (small)'!D24 -> LS | E12: 17000 | F12: =C12*E12 -> 17000 | G12: 35000 | H12: =C12*G12 -> 35000 | I12: 20000 | J12: =C12*I12 -> 20000
A13: ='Bid Item List (small)'!A25 -> 0006 | B13: ='Bid Item List (small)'!B25 -> Trench Excavation and General Native Backfill | C13: ='Bid Item List (small)'!C25 -> 577 | D13: ='Bid Item List (small)'!D25 -> LF | E13: 160 | F13: =C13*E13 -> 92320 | G13: 200 | H13: =C13*G13 -> 115400 | I13: 40 | J13: =C13*I13 -> 23080
A14: ='Bid Item List (small)'!A26 -> 0007 | B14: ='Bid Item List (small)'!B26 -> Trench Excavation and Select Native Backfill | C14: ='Bid Item List (small)'!C26 -> 622 | D14: ='Bid Item List (small)'!D26 -> LF | E14: 218 | F14: =C14*E14 -> 135596 | G14: 200 | H14: =C14*G14 -> 124400 | I14: 45 | J14: =C14*I14 -> 27990
A15: ='Bid Item List (small)'!A27 -> 0008 | B15: ='Bid Item List (small)'!B27 -> Trench Excavation and Select Backfill | C15: ='Bid Item List (small)'!C27 -> 48 | D15: ='Bid Item List (small)'!D27 -> LF | E15: 900 | F15: =C15*E15 -> 43200 | G15: 700 | H15: =C15*G15 -> 33600 | I15: 300 | J15: =C15*I15 -> 14400
A16: ='Bid Item List (small)'!A28 -> 0009 | B16: ='Bid Item List (small)'!B28 -> Offsite Haul and Disposal | C16: ='Bid Item List (small)'!C28 -> 6060 | D16: ='Bid Item List (small)'!D28 -> CY | E16: 16 | F16: =C16*E16 -> 96960 | G16: 7 | H16: =C16*G16 -> 42420 | I16: 17 | J16: =C16*I16 -> 103020
A17: ='Bid Item List (small)'!A29 -> 0010 | B17: ='Bid Item List (small)'!B29 -> Contaminated Soil Sediment Excavation and Disposal | C17: ='Bid Item List (small)'!C29 -> 255 | D17: ='Bid Item List (small)'!D29 -> Ton | E17: 62 | F17: =C17*E17 -> 15810 | G17: 75 | H17: =C17*G17 -> 19125 | I17: 135 | J17: =C17*I17 -> 34425
A18: ='Bid Item List (small)'!A30 -> 0011 | B18: ='Bid Item List (small)'!B30 -> Shoring | C18: ='Bid Item List (small)'!C30 -> 1 | D18: ='Bid Item List (small)'!D30 -> LS | E18: 159000 | F18: =C18*E18 -> 159000 | G18: 130000 | H18: =C18*G18 -> 130000 | I18: 280000 | J18: =C18*I18 -> 280000
A19: ='Bid Item List (small)'!A31 -> 0012 | B19: ='Bid Item List (small)'!B31 -> Pipe Zone and Bedding Material | C19: ='Bid Item List (small)'!C31 -> 2940 | D19: ='Bid Item List (small)'!D31 -> CY | E19: 33 | F19: =C19*E19 -> 97020 | G19: 30 | H19: =C19*G19 -> 88200 | I19: 34 | J19: =C19*I19 -> 99960
... A37: ='Bid Item List (small)'!A49 -> 0030 | B37: ='Bid Item List (small)'!B49 -> Landscape Restoration | C37: ='Bid Item List (small)'!C49 -> 1 | D37: ='Bid Item List (small)'!D49 -> LS | E37: 8434 | F37: =C37*E37 -> 8434 | G37: 15000 | H37: =C37*G37 -> 15000 | I37: 9500 | J37: =C37*I37 -> 9500
B38: ='Bid Item List (small)'!B50 -> Total Amount Bid (Basis of Award) | D38: ='Bid Item List (small)'!D50 -> 0 | F38: =SUM(F8:F37) -> 1935149 | H38: =SUM(H8:H37) -> 2148275 | J38: =SUM(J8:J37) -> 2748841

Sheet Bid Tab (7-9)
A1: ='Bid Item List (small)'!$A$15 -> PORTLAND INTERNATIONAL AIRPORT | E1: Nutter Corporation | G1: Rotshy, Inc. | I1: Tapani, Inc.
A2: ='Bid Item List (small)'!$A$16 -> COLWOOD PIPE AND OUTFALLS
A3: ='Bid Item List (small)'!$A$17 -> 0
A4: EAN 2015D006
A5: Solicitation No. 2015-6576
A6: =TODAY() -> 42397
A7: Item No. | B7: Item Description | C7: Estimated Quantity | D7: Units | E7: Unit Price | F7: Total Price | G7: Unit Price | H7: Total Price | I7: Unit Price | J7: Total Price
A8: ='Bid Item List (small)'!A20 -> 0001 | B8: ='Bid Item List (small)'!B20 -> Mobilization, Surveying, Cleanup, and Demobilization | C8: ='Bid Item List (small)'!C20 -> 1 | D8: ='Bid Item List (small)'!D20 -> LS | E8: 200321.22 | F8: =C8*E8 -> 200321.22 | G8: 159350 | H8: =C8*G8 -> 159350 | I8: 105000 | J8: =C8*I8 -> 105000
A9: ='Bid Item List (small)'!A21 -> 0002 | B9: ='Bid Item List (small)'!B21 -> Work Zone Traffic Control | C9: ='Bid Item List (small)'!C21 -> 1 | D9: ='Bid Item List (small)'!D21 -> LS | E9: 20000 | F9: =C9*E9 -> 20000 | G9: 20000 | H9: =C9*G9 -> 20000 | I9: 15000 | J9: =C9*I9 -> 15000
A10: ='Bid Item List (small)'!A22 -> 0003 | B10: ='Bid Item List (small)'!B22 -> Temporary Erosion, Sediment, and Pollution Control | C10: ='Bid Item List (small)'!C22 -> 1 | D10: ='Bid Item List (small)'!D22 -> LS | E10: 15000 | F10: =C10*E10 -> 15000 | G10: 35000 | H10: =C10*G10 -> 35000 | I10: 25000 | J10: =C10*I10 -> 25000
A11: ='Bid Item List (small)'!A23 -> 0004 | B11: ='Bid Item List (small)'!B23 -> Site Demolition | C11: ='Bid Item List (small)'!C23 -> 1 | D11: ='Bid Item List (small)'!D23 -> LS | E11: 20000 | F11: =C11*E11 -> 20000 | G11: 10000 | H11: =C11*G11 -> 10000 | I11: 10000 | J11: =C11*I11 -> 10000
A12: ='Bid Item List (small)'!A24 -> 0005 | B12: ='Bid Item List (small)'!B24 -> Clearing and Grubbing | C12: ='Bid Item List (small)'!C24 -> 1 | D12: ='Bid Item List (small)'!D24 -> LS | E12: 35000 | F12: =C12*E12 -> 35000 | G12: 35000 | H12: =C12*G12 -> 35000 | I12: 23000 | J12: =C12*I12 -> 23000
A13: ='Bid Item List (small)'!A25 -> 0006 | B13: ='Bid Item List (small)'!B25 -> Trench Excavation and General Native Backfill | C13: ='Bid Item List (small)'!C25 -> 577 | D13: ='Bid Item List (small)'!D25 -> LF | E13: 60 | F13: =C13*E13 -> 34620 | G13: 55 | H13: =C13*G13 -> 31735 | I13: 90 | J13: =C13*I13 -> 51930
A14: ='Bid Item List (small)'!A26 -> 0007 | B14: ='Bid Item List (small)'!B26 -> Trench Excavation and Select Native Backfill | C14: ='Bid Item List (small)'!C26 -> 622 | D14: ='Bid Item List (small)'!D26 -> LF | E14: 60 | F14: =C14*E14 -> 37320 | G14: 110 | H14: =C14*G14 -> 68420 | I14: 160 | J14: =C14*I14 -> 99520
A15: ='Bid Item List (small)'!A27 -> 0008 | B15: ='Bid Item List (small)'!B27 -> Trench Excavation and Select Backfill | C15: ='Bid Item List (small)'!C27 -> 48 | D15: ='Bid Item List (small)'!D27 -> LF | E15: 200 | F15: =C15*E15 -> 9600 | G15: 195 | H15: =C15*G15 -> 9360 | I15: 250 | J15: =C15*I15 -> 12000
A16: ='Bid Item List (small)'!A28 -> 0009 | B16: ='Bid Item List (small)'!B28 -> Offsite Haul and Disposal | C16: ='Bid Item List (small)'!C28 -> 6060 | D16: ='Bid Item List (small)'!D28 -> CY | E16: 15 | F16: =C16*E16 -> 90900 | G16: 15 | H16: =C16*G16 -> 90900 | I16: 14 | J16: =C16*I16 -> 84840
A17: ='Bid Item List (small)'!A29 -> 0010 | B17: ='Bid Item List (small)'!B29 -> Contaminated Soil Sediment Excavation and Disposal | C17: ='Bid Item List (small)'!C29 -> 255 | D17: ='Bid Item List (small)'!D29 -> Ton | E17: 55 | F17: =C17*E17 -> 14025 | G17: 70 | H17: =C17*G17 -> 17850 | I17: 160 | J17: =C17*I17 -> 40800
A18: ='Bid Item List (small)'!A30 -> 0011 | B18: ='Bid Item List (small)'!B30 -> Shoring | C18: ='Bid Item List (small)'!C30 -> 1 | D18: ='Bid Item List (small)'!D30 -> LS | E18: 20000 | F18: =C18*E18 -> 20000 | G18: 40300 | H18: =C18*G18 -> 40300 | I18: 20000 | J18: =C18*I18 -> 20000
A19: ='Bid Item List (small)'!A31 -> 0012 | B19: ='Bid Item List (small)'!B31 -> Pipe Zone and Bedding Material | C19: ='Bid Item List (small)'!C31 -> 2940 | D19: ='Bid Item List (small)'!D31 -> CY | E19: 30 | F19: =C19*E19 -> 88200 | G19: 45 | H19: =C19*G19 -> 132300 | I19: 32 | J19: =C19*I19 -> 94080
... A37: ='Bid Item List (small)'!A49 -> 0030 | B37: ='Bid Item List (small)'!B49 -> Landscape Restoration | C37: ='Bid Item List (small)'!C49 -> 1 | D37: ='Bid Item List (small)'!D49 -> LS | E37: 32180 | F37: =C37*E37 -> 32180 | G37: 12000 | H37: =C37*G37 -> 12000 | I37: 5000 | J37: =C37*I37 -> 5000
B38: ='Bid Item List (small)'!B50 -> Total Amount Bid (Basis of Award) | D38: ='Bid Item List (small)'!D50 -> 0 | F38: =SUM(F8:F37) -> 2213059.2 | H38: =SUM(H8:H37) -> 1910132 | J38: =SUM(J8:J37) -> 1994190

Sheet Bid Tab (10-12)
A1: ='Bid Item List (small)'!$A$15 -> PORTLAND INTERNATIONAL AIRPORT | E1: Thompson Bros. Excavating, Inc. | G1: Weitman Excavation, LLC | I1: Wildish Standard Paving, Co.
A2: ='Bid Item List (small)'!$A$16 -> COLWOOD PIPE AND OUTFALLS
A3: ='Bid Item List (small)'!$A$17 -> 0
A4: EAN 2015D006
A5: Solicitation No. 2015-6576
A6: =TODAY() -> 42397
A7: Item No. | B7: Item Description | C7: Estimated Quantity | D7: Units | E7: Unit Price | F7: Total Price | G7: Unit Price | H7: Total Price | I7: Unit Price | J7: Total Price
A8: ='Bid Item List (small)'!A20 -> 0001 | B8: ='Bid Item List (small)'!B20 -> Mobilization, Surveying, Cleanup, and Demobilization | C8: ='Bid Item List (small)'!C20 -> 1 | D8: ='Bid Item List (small)'!D20 -> LS | E8: 200000 | F8: =C8*E8 -> 200000 | G8: 85860 | H8: =C8*G8 -> 85860 | I8: 100000 | J8: =C8*I8 -> 100000
A9: ='Bid Item List (small)'!A21 -> 0002 | B9: ='Bid Item List (small)'!B21 -> Work Zone Traffic Control | C9: ='Bid Item List (small)'!C21 -> 1 | D9: ='Bid Item List (small)'!D21 -> LS | E9: 21000 | F9: =C9*E9 -> 21000 | G9: 30250 | H9: =C9*G9 -> 30250 | I9: 53500 | J9: =C9*I9 -> 53500
A10: ='Bid Item List (small)'!A22 -> 0003 | B10: ='Bid Item List (small)'!B22 -> Temporary Erosion, Sediment, and Pollution Control | C10: ='Bid Item List (small)'!C22 -> 1 | D10: ='Bid Item List (small)'!D22 -> LS | E10: 29000 | F10: =C10*E10 -> 29000 | G10: 18530 | H10: =C10*G10 -> 18530 | I10: 15000 | J10: =C10*I10 -> 15000
A11: ='Bid Item List (small)'!A23 -> 0004 | B11: ='Bid Item List (small)'!B23 -> Site Demolition | C11: ='Bid Item List (small)'!C23 -> 1 | D11: ='Bid Item List (small)'!D23 -> LS | E11: 12000 | F11: =C11*E11 -> 12000 | G11: 10100 | H11: =C11*G11 -> 10100 | I11: 5000 | J11: =C11*I11 -> 5000
A12: ='Bid Item List (small)'!A24 -> 0005 | B12: ='Bid Item List (small)'!B24 -> Clearing and Grubbing | C12: ='Bid Item List (small)'!C24 -> 1 | D12: ='Bid Item List (small)'!D24 -> LS | E12: 10000 | F12: =C12*E12 -> 10000 | G12: 9900 | H12: =C12*G12 -> 9900 | I12: 12000 | J12: =C12*I12 -> 12000
A13: ='Bid Item List (small)'!A25 -> 0006 | B13: ='Bid Item List (small)'!B25 -> Trench Excavation and General Native Backfill | C13: ='Bid Item List (small)'!C25 -> 577 | D13: ='Bid Item List (small)'!D25 -> LF | E13: 160 | F13: =C13*E13 -> 92320 | G13: 138 | H13: =C13*G13 -> 79626 | I13: 35 | J13: =C13*I13 -> 20195
A14: ='Bid Item List (small)'!A26 -> 0007 | B14: ='Bid Item List (small)'!B26 -> Trench Excavation and Select Native Backfill | C14: ='Bid Item List (small)'!C26 -> 622 | D14: ='Bid Item List (small)'!D26 -> LF | E14: 170 | F14: =C14*E14 -> 105740 | G14: 202 | H14: =C14*G14 -> 125644 | I14: 120 | J14: =C14*I14 -> 74640
A15: ='Bid Item List (small)'!A27 -> 0008 | B15: ='Bid Item List (small)'!B27 -> Trench Excavation and Select Backfill | C15: ='Bid Item List (small)'!C27 -> 48 | D15: ='Bid Item List (small)'!D27 -> LF | E15: 800 | F15: =C15*E15 -> 38400 | G15: 589 | H15: =C15*G15 -> 28272 | I15: 300 | J15: =C15*I15 -> 14400
A16: ='Bid Item List (small)'!A28 -> 0009 | B16: ='Bid Item List (small)'!B28 -> Offsite Haul and Disposal | C16: ='Bid Item List (small)'!C28 -> 6060 | D16: ='Bid Item List (small)'!D28 -> CY | E16: 9.25 | F16: =C16*E16 -> 56055 | G16: 20 | H16: =C16*G16 -> 121200 | I16: 13 | J16: =C16*I16 -> 78780
A17: ='Bid Item List (small)'!A29 -> 0010 | B17: ='Bid Item List (small)'!B29 -> Contaminated Soil Sediment Excavation and Disposal | C17: ='Bid Item List (small)'!C29 -> 255 | D17: ='Bid Item List (small)'!D29 -> Ton | E17: 64 | F17: =C17*E17 -> 16320 | G17: 72 | H17: =C17*G17 -> 18360 | I17: 100 | J17: =C17*I17 -> 25500
A18: ='Bid Item List (small)'!A30 -> 0011 | B18: ='Bid Item List (small)'!B30 -> Shoring | C18: ='Bid Item List (small)'!C30 -> 1 | D18: ='Bid Item List (small)'!D30 -> LS | E18: 50000 | F18: =C18*E18 -> 50000 | G18: 205000 | H18: =C18*G18 -> 205000 | I18: 75000 | J18: =C18*I18 -> 75000
A19: ='Bid Item List (small)'!A31 -> 0012 | B19: ='Bid Item List (small)'!B31 -> Pipe Zone and Bedding Material | C19: ='Bid Item List (small)'!C31 -> 2940 | D19: ='Bid Item List (small)'!D31 -> CY | E19: 34 | F19: =C19*E19 -> 99960 | G19: 28.2 | H19: =C19*G19 -> 82908 | I19: 30 | J19: =C19*I19 -> 88200
... A37: ='Bid Item List (small)'!A49 -> 0030 | B37: ='Bid Item List (small)'!B49 -> Landscape Restoration | C37: ='Bid Item List (small)'!C49 -> 1 | D37: ='Bid Item List (small)'!D49 -> LS | E37: 10000 | F37: =C37*E37 -> 10000 | G37: 9000 | H37: =C37*G37 -> 9000 | I37: 10000 | J37: =C37*I37 -> 10000
B38: ='Bid Item List (small)'!B50 -> Total Amount Bid (Basis of Award) | D38: ='Bid Item List (small)'!D50 -> 0 | F38: =SUM(F8:F37) -> 2162300 | H38: =SUM(H8:H37) -> 1897247.5 | J38: =SUM(J8:J37) -> 2240505

Sheet Bid Tab (EE)
A1: ='Bid Item List (small)'!$A$15 -> PORTLAND INTERNATIONAL AIRPORT | E1: Engineer's Estimate
A2: ='Bid Item List (small)'!$A$16 -> COLWOOD PIPE AND OUTFALLS
A3: ='Bid Item List (small)'!$A$17 -> 0
A4: EAN 2015D006
A5: Solicitation No. 2015-6576
A6: =TODAY() -> 42397
A7: Item No. | B7: Item Description | C7: Estimated Quantity | D7: Units | E7: Unit Price | F7: Total Price
A8: ='Bid Item List (small)'!A20 -> 0001 | B8: ='Bid Item List (small)'!B20 -> Mobilization, Surveying, Cleanup, and Demobilization | C8: ='Bid Item List (small)'!C20 -> 1 | D8: ='Bid Item List (small)'!D20 -> LS | E8: 210000 | F8: =C8*E8 -> 210000
A9: ='Bid Item List (small)'!A21 -> 0002 | B9: ='Bid Item List (small)'!B21 -> Work Zone Traffic Control | C9: ='Bid Item List (small)'!C21 -> 1 | D9: ='Bid Item List (small)'!D21 -> LS | E9: 37500 | F9: =C9*E9 -> 37500
A10: ='Bid Item List (small)'!A22 -> 0003 | B10: ='Bid Item List (small)'!B22 -> Temporary Erosion, Sediment, and Pollution Control | C10: ='Bid Item List (small)'!C22 -> 1 | D10: ='Bid Item List (small)'!D22 -> LS | E10: 22500 | F10: =C10*E10 -> 22500
A11: ='Bid Item List (small)'!A23 -> 0004 | B11: ='Bid Item List (small)'!B23 -> Site Demolition | C11: ='Bid Item List (small)'!C23 -> 1 | D11: ='Bid Item List (small)'!D23 -> LS | E11: 25000 | F11: =C11*E11 -> 25000
A12: ='Bid Item List (small)'!A24 -> 0005 | B12: ='Bid Item List (small)'!B24 -> Clearing and Grubbing | C12: ='Bid Item List (small)'!C24 -> 1 | D12: ='Bid Item List (small)'!D24 -> LS | E12: 25000 | F12: =C12*E12 -> 25000
A13: ='Bid Item List (small)'!A25 -> 0006 | B13: ='Bid Item List (small)'!B25 -> Trench Excavation and General Native Backfill | C13: ='Bid Item List (small)'!C25 -> 577 | D13: ='Bid Item List (small)'!D25 -> LF | E13: 125 | F13: =C13*E13 -> 72125
A14: ='Bid Item List (small)'!A26 -> 0007 | B14: ='Bid Item List (small)'!B26 -> Trench Excavation and Select Native Backfill | C14: ='Bid Item List (small)'!C26 -> 622 | D14: ='Bid Item List (small)'!D26 -> LF | E14: 225 | F14: =C14*E14 -> 139950
A15: ='Bid Item List (small)'!A27 -> 0008 | B15: ='Bid Item List (small)'!B27 -> Trench Excavation and Select Backfill | C15: ='Bid Item List (small)'!C27 -> 48 | D15: ='Bid Item List (small)'!D27 -> LF | E15: 350 | F15: =C15*E15 -> 16800
A16: ='Bid Item List (small)'!A28 -> 0009 | B16: ='Bid Item List (small)'!B28 -> Offsite Haul and Disposal | C16: ='Bid Item List (small)'!C28 -> 6060 | D16: ='Bid Item List (small)'!D28 -> CY | E16: 20.5 | F16: =C16*E16 -> 124230
A17: ='Bid Item List (small)'!A29 -> 0010 | B17: ='Bid Item List (small)'!B29 -> Contaminated Soil Sediment Excavation and Disposal | C17: ='Bid Item List (small)'!C29 -> 255 | D17: ='Bid Item List (small)'!D29 -> Ton | E17: 100 | F17: =C17*E17 -> 25500
A18: ='Bid Item List (small)'!A30 -> 0011 | B18: ='Bid Item List (small)'!B30 -> Shoring | C18: ='Bid Item List (small)'!C30 -> 1 | D18: ='Bid Item List (small)'!D30 -> LS | E18: 110000 | F18: =C18*E18 -> 110000
A19: ='Bid Item List (small)'!A31 -> 0012 | B19: ='Bid Item List (small)'!B31 -> Pipe Zone and Bedding Material | C19: ='Bid Item List (small)'!C31 -> 2940 | D19: ='Bid Item List (small)'!D31 -> CY | E19: 40 | F19: =C19*E19 -> 117600
... A37: ='Bid Item List (small)'!A49 -> 0030 | B37: ='Bid Item List (small)'!B49 -> Landscape Restoration | C37: ='Bid Item List (small)'!C49 -> 1 | D37: ='Bid Item List (small)'!D49 -> LS | E37: 61500 | F37: =C37*E37 -> 61500
B38: ='Bid Item List (small)'!B50 -> Total Amount Bid (Basis of Award) | D38: ='Bid Item List (small)'!D50 -> 0 | F38: =SUM(F8:F37) -> 2079515

Sheet Summary
A1: ='Bid Item List (small)'!$A$15 -> PORTLAND INTERNATIONAL AIRPORT
A2: ='Bid Item List (small)'!$A$16 -> COLWOOD PIPE AND OUTFALLS
A3: ='Bid Item List (small)'!$A$17 -> 0
A4: ='Bid Tab (1-3)'!$A$4 -> EAN 2015D006
A5: ='Bid Tab (1-3)'!$A$5 -> Solicitation No. 2015-6576
A6: =TODAY() -> 42397
A7: Bidder | B7: Total Price
A8: ='Bid Tab (1-3)'!$I$1 -> K&E Excavating, Inc. | B8: ='Bid Tab (1-3)'!J38 -> 1843275
A9: ='Bid Tab (10-12)'!$G$1 -> Weitman Excavation, LLC | B9: ='Bid Tab (10-12)'!H38 -> 1897247.5
A10: ='Bid Tab (7-9)'!$G$1 -> Rotshy, Inc. | B10: ='Bid Tab (7-9)'!H38 -> 1910132
A11: ='Bid Tab (4-6)'!$E$1 -> Kerr Contractors, Oregon, Inc. | B11: ='Bid Tab (4-6)'!F38 -> 1935149
A12: ='Bid Tab (7-9)'!$I$1 -> Tapani, Inc. | B12: ='Bid Tab (7-9)'!J38 -> 1994190
A13: ='Bid Tab (1-3)'!$G$1 -> James W. Fowler Co. | B13: ='Bid Tab (1-3)'!H38 -> 2047715
A14: ='Bid Tab (4-6)'!$G$1 -> MJ Hughes Construction, Inc. | B14: ='Bid Tab (4-6)'!H38 -> 2148275
A15: ='Bid Tab (10-12)'!$E$1 -> Thompson Bros. Excavating, Inc. | B15: ='Bid Tab (10-12)'!F38 -> 2162300
A16: ='Bid Tab (7-9)'!$E$1 -> Nutter Corporation | B16: ='Bid Tab (7-9)'!F38 -> 2213059.2
A17: ='Bid Tab (10-12)'!$I$1 -> Wildish Standard Paving, Co. | B17: ='Bid Tab (10-12)'!J38 -> 2240505
A18: ='Bid Tab (1-3)'!$E$1 -> Emery & Sons | B18: ='Bid Tab (1-3)'!F38 -> 2312472
A19: ='Bid Tab (4-6)'!$I$1 -> Moore Excavation, Inc. | B19: ='Bid Tab (4-6)'!J38 -> 2748841
A20: ='Bid Tab (EE)'!$E$1 -> Engineer's Estimate | B20: ='Bid Tab (EE)'!F38 -> 2079515
