Workbook
Name AQTY: '[1]Bid Tab Schedule A'!$C:$C
Name ATotal1: '[1]Bid Tab Schedule A'!$F$19
Name ATotal2: '[1]Bid Tab Schedule A'!$H$19
Name ATotal3: '[1]Bid Tab Schedule A'!$J$19
Name ATotal4: '[1]Bid Tab Schedule A'!$L$19
Name ATotal5: '[1]Bid Tab Schedule A'!$N$19
Name ATotal6: '[1]Bid Tab Schedule A'!$P$19
Name ATotal7: '[1]Bid Tab Schedule A'!$R$19
Name ATotal8: '[1]Bid Tab Schedule A'!$T$19
Name ATotalEE: '[1]Bid Tab Schedule A'!$V$19
Name BQTY: '[1]Bid Tab Schedule B'!$C:$C
Name BTotal1: 'Bid Tab Alternate A'!$F$25
Name BTotal2: 'Bid Tab Alternate A'!$H$25
Name BTotal3: 'Bid Tab Alternate A'!$J$25
Name BTotal4: 'Bid Tab Alternate A'!$L$25
Name BTotal5: 'Bid Tab Alternate A'!$N$25
Name BTotal6: 'Bid Tab Alternate A'!$P$25
Name BTotal7: 'Bid Tab Alternate A'!$R$25
Name BTotal8: 'Bid Tab Alternate A'!$T$25
Name BTotalEE: 'Bid Tab Alternate A'!$V$25
Name Contractor1: '[1]Bid Tab Schedule A'!$E$1
Name Contractor1: '[1]Bid Tab Schedule A'!$E$1
Name Contractor1: 'Bid Tab Base Bid'!$E$1
Name Contractor2: '[1]Bid Tab Schedule A'!$G$1
Name Contractor2: '[1]Bid Tab Schedule A'!$G$1
Name Contractor2: 'Bid Tab Base Bid'!$G$1
Name Contractor3: '[1]Bid Tab Schedule A'!$I$1
Name Contractor3: '[1]Bid Tab Schedule A'!$I$1
Name Contractor3: 'Bid Tab Base Bid'!$I$1
Name Contractor3A: 'Bid Tab Base Bid'!#REF!
Name Contractor4: '[1]Bid Tab Schedule A'!$K$1
Name Contractor4: '[1]Bid Tab Schedule A'!$K$1
Name Contractor4: 'Bid Tab Base Bid'!$K$1
Name Contractor5: '[1]Bid Tab Schedule A'!$M$1
Name Contractor5: '[1]Bid Tab Schedule A'!$M$1
Name Contractor5: 'Bid Tab Base Bid'!$M$1
Name Contractor6: '[1]Bid Tab Schedule A'!$O$1
Name Contractor6: '[1]Bid Tab Schedule A'!$O$1
Name Contractor6: 'Bid Tab Base Bid'!$O$1
Name Contractor7: '[1]Bid Tab Schedule A'!$Q$1
Name Contractor7: '[1]Bid Tab Schedule A'!$Q$1
Name Contractor7: 'Bid Tab Base Bid'!$Q$1
Name Contractor8: '[1]Bid Tab Schedule A'!$S$1
Name Contractor8: '[1]Bid Tab Schedule A'!$S$1
Name Contractor8: 'Bid Tab Base Bid'!$S$1
Name EAN: '[1]Bid Tab Schedule A'!$A$4
Name EAN: '[1]Bid Tab Schedule A'!$A$4
Name EAN: 'Bid Tab Base Bid'!$A$4
Name EngineerEstimate: '[1]Bid Tab Schedule A'!$U$1
Name EngineerEstimate: '[1]Bid Tab Schedule A'!$U$1
Name EngineerEstimate: 'Bid Tab Base Bid'!$U$1
Name ProjectLocation: '[1]Bid Schedule A'!$A$15
Name ProjectLocation: '[1]Bid Schedule A'!$A$15
Name ProjectLocation: 'Base Bid'!$A$15
Name ProjectTitle: '[1]Bid Schedule A'!$A$16
Name ProjectTitle: '[1]Bid Schedule A'!$A$16
Name ProjectTitle: 'Base Bid'!$A$16
Name ProjectTitle2: '[1]Bid Schedule A'!$A$17
Name ProjectTitle2: '[1]Bid Schedule A'!$A$17
Name ProjectTitle2: 'Base Bid'!$A$17

Sheet Base Bid
A1: Acre
A2: CY
A3: Each
A4: FT
A5: Gal
A6: Hour
A7: LB
A8: LF
A9: LS
A10: Mile
A11: SF
A12: SY
... A16: TAXIWAY K REHABILITATION
A19: Item No. | B19: Item Description | C19: Estimated Quantity | D19: Units | E19: Unit Price | F19: Total Price
A20: 0001 | B20: Mobilization, Cleanup, and Demobilization (Section 012200) | C20: 1 | D20: LS
A21: 0002 | B21: Sweeper (Section 012200) | C21: 1 | D21: LS
A22: 0003 | B22: Security Control Monitoring (Section 012200) | C22: 1 | D22: LS
A23: 0004 | B23: Work Zone and Traffic Control (Section 012200) | C23: 1 | D23: LS
A24: 0005 | B24: Escort (Section 012200) | C24: 1 | D24: LS
A25: 0006 | B25: Jet Blast Control Material (Section 015713) | C25: 1.4 | D25: Acre
A26: 0007 | B26: Inlet Protection (Section 015713) | C26: 35 | D26: Each
A27: 0008 | B27: Trench Protection (Section 015713) | C27: 1740 | D27: LF
A28: 0009 | B28: Construction Survey (Item GP-50) | C28: 1 | D28: LS
A29: 0010 | B29: PCC Pavement Removal - 3-Inch Depth (Item P-101) | C29: 320 | D29: SY
A30: 0011 | B30: PCC Pavement Removal - 4-Inch Depth (Item P-101) | C30: 60 | D30: SY
A31: 0012 | B31: PCC Pavement Removal - 16-Inch Depth (Item P-101) | C31: 9400 | D31: SY
... A103: 0084 | B103: Sign A4-13 (Section 344302) | C103: 1 | D103: LS
B104: Total Amount Bid (Basis of Award) | F104: $___________

Sheet Alternate A
A1: Acre
A2: CY
A3: Each
A4: FT
A5: Gal
A6: Hour
A7: LB
A8: LF
A9: LS
A10: Mile
A11: SF
A12: SY
... A16: TAXIWAY K REHABILITATION
A17: =ProjectTitle2 & "" -> #REF!
A19: Item No. | B19: Item Description | C19: Estimated Quantity | D19: Units | E19: Unit Price | F19: Total Price
A20: 0001 | B20: Mobilization, Cleanup, and Demobilization (Section 012200) | C20: 1 | D20: LS
A21: 0002 | B21: Sweeper (Section 012200) | C21: 1 | D21: LS
A22: 0003 | B22: Security Control Monitoring (Section 012200) | C22: 1 | D22: LS
A23: 0004 | B23: Work Zone and Traffic Control (Section 012200) | C23: 1 | D23: LS
A24: 0005 | B24: Escort (Section 012200) | C24: 1 | D24: LS
A25: 0006 | B25: Inlet Protection (Section 015713) | C25: 18 | D25: Each
A26: 0007 | B26: Construction Survey (Item GP-50) | C26: 1 | D26: LS
A27: 0008 | B27: Cold Milling - 3-Inch Maximum Depth (Item P-101) | C27: 21200 | D27: SY
A28: 0009 | B28: Bituminous Surface Course (Item P-401) | C28: 3800 | D28: Ton
A29: 0010 | B29: Bituminous Tack Coat (Item P-603) | C29: 2200 | D29: Gal
A30: 0011 | B30: Runway and Taxiway Marking (Item P-620) | C30: 8000 | D30: SF
A31: 0012 | B31: Reflective Media (Item P-620) | C31: 500 | D31: LB
... A36: 0017 | B36: 3-Inch Diameter Brass Marker (Section 260553) | C36: 18 | D36: Each
B37: Total Amount Bid Additive Alternate A | F37: $___________

Sheet Bid Tab Base Bid
A1: =ProjectLocation -> PORTLAND INTERNATIONAL AIRPORT | E1: Name of Contractor 1 | G1: Name of Contractor 2 | I1: Name of Contractor 3 | K1: Name of Contractor 4 | M1: Name of Contractor 5 | O1: Name of Contractor 6 | Q1: Name of Contractor 7 | S1: Name of Contractor 8 | U1: Engineer's Estimate
A2: =ProjectTitle -> TAXIWAY K REHABILITATION
A3: =ProjectTitle2 -> 0
A4: EAN 2017D013
A5: Solicitation No. 2018-7876
A6: =TODAY() -> 46062
A7: Item No. | B7: Item Description | C7: Estimated Quantity | D7: Units | E7: Unit Price | F7: Total Price | G7: Unit Price | H7: Total Price | I7: Unit Price | J7: Total Price | K7: Unit Price | L7: Total Price | M7: Unit Price | N7: Total Price | O7: Unit Price | P7: Total Price | Q7: Unit Price | R7: Total Price | S7: Unit Price | T7: Total Price | U7: Unit Price | V7: Total Price
A8: ='Base Bid'!A20 -> 0001 | B8: ='Base Bid'!B20 -> Mobilization, Cleanup, and Demobilization (Section 012200) | C8: ='Base Bid'!C20 -> 1 | D8: ='Base Bid'!D20 -> LS | F8: =QTY*E8 -> 0 | H8: =QTY*G8 -> 0 | J8: =QTY*I8 -> 0 | L8: =QTY*K8 -> 0 | N8: =QTY*M8 -> 0 | P8: =QTY*O8 -> 0 | R8: =QTY*Q8 -> 0 | T8: =QTY*S8 -> 0 | V8: =QTY*U8 -> 0
A9: ='Base Bid'!A21 -> 0002 | B9: ='Base Bid'!B21 -> Sweeper (Section 012200) | C9: ='Base Bid'!C21 -> 1 | D9: ='Base Bid'!D21 -> LS | F9: =QTY*E9 -> 0 | H9: =QTY*G9 -> 0 | J9: =QTY*I9 -> 0 | L9: =QTY*K9 -> 0 | N9: =QTY*M9 -> 0 | P9: =QTY*O9 -> 0 | R9: =QTY*Q9 -> 0 | T9: =QTY*S9 -> 0 | V9: =QTY*U9 -> 0
A10: ='Base Bid'!A22 -> 0003 | B10: ='Base Bid'!B22 -> Security Control Monitoring (Section 012200) | C10: ='Base Bid'!C22 -> 1 | D10: ='Base Bid'!D22 -> LS | F10: =QTY*E10 -> 0 | H10: =QTY*G10 -> 0 | J10: =QTY*I10 -> 0 | L10: =QTY*K10 -> 0 | N10: =QTY*M10 -> 0 | P10: =QTY*O10 -> 0 | R10: =QTY*Q10 -> 0 | T10: =QTY*S10 -> 0 | V10: =QTY*U10 -> 0
A11: ='Base Bid'!A23 -> 0004 | B11: ='Base Bid'!B23 -> Work Zone and Traffic Control (Section 012200) | C11: ='Base Bid'!C23 -> 1 | D11: ='Base Bid'!D23 -> LS | F11: =QTY*E11 -> 0 | H11: =QTY*G11 -> 0 | J11: =QTY*I11 -> 0 | L11: =QTY*K11 -> 0 | N11: =QTY*M11 -> 0 | P11: =QTY*O11 -> 0 | R11: =QTY*Q11 -> 0 | T11: =QTY*S11 -> 0 | V11: =QTY*U11 -> 0
A12: ='Base Bid'!A24 -> 0005 | B12: ='Base Bid'!B24 -> Escort (Section 012200) | C12: ='Base Bid'!C24 -> 1 | D12: ='Base Bid'!D24 -> LS | F12: =QTY*E12 -> 0 | H12: =QTY*G12 -> 0 | J12: =QTY*I12 -> 0 | L12: =QTY*K12 -> 0 | N12: =QTY*M12 -> 0 | P12: =QTY*O12 -> 0 | R12: =QTY*Q12 -> 0 | T12: =QTY*S12 -> 0 | V12: =QTY*U12 -> 0
A13: ='Base Bid'!A25 -> 0006 | B13: ='Base Bid'!B25 -> Jet Blast Control Material (Section 015713) | C13: ='Base Bid'!C25 -> 1.4 | D13: ='Base Bid'!D25 -> Acre | F13: =QTY*E13 -> 0 | H13: =QTY*G13 -> 0 | J13: =QTY*I13 -> 0 | L13: =QTY*K13 -> 0 | N13: =QTY*M13 -> 0 | P13: =QTY*O13 -> 0 | R13: =QTY*Q13 -> 0 | T13: =QTY*S13 -> 0 | V13: =QTY*U13 -> 0
A14: ='Base Bid'!A26 -> 0007 | B14: ='Base Bid'!B26 -> Inlet Protection (Section 015713) | C14: ='Base Bid'!C26 -> 35 | D14: ='Base Bid'!D26 -> Each | F14: =QTY*E14 -> 0 | H14: =QTY*G14 -> 0 | J14: =QTY*I14 -> 0 | L14: =QTY*K14 -> 0 | N14: =QTY*M14 -> 0 | P14: =QTY*O14 -> 0 | R14: =QTY*Q14 -> 0 | T14: =QTY*S14 -> 0 | V14: =QTY*U14 -> 0
A15: ='Base Bid'!A27 -> 0008 | B15: ='Base Bid'!B27 -> Trench Protection (Section 015713) | C15: ='Base Bid'!C27 -> 1740 | D15: ='Base Bid'!D27 -> LF | F15: =QTY*E15 -> 0 | H15: =QTY*G15 -> 0 | J15: =QTY*I15 -> 0 | L15: =QTY*K15 -> 0 | N15: =QTY*M15 -> 0 | P15: =QTY*O15 -> 0 | R15: =QTY*Q15 -> 0 | T15: =QTY*S15 -> 0 | V15: =QTY*U15 -> 0
A16: ='Base Bid'!A28 -> 0009 | B16: ='Base Bid'!B28 -> Construction Survey (Item GP-50) | C16: ='Base Bid'!C28 -> 1 | D16: ='Base Bid'!D28 -> LS | F16: =QTY*E16 -> 0 | H16: =QTY*G16 -> 0 | J16: =QTY*I16 -> 0 | L16: =QTY*K16 -> 0 | N16: =QTY*M16 -> 0 | P16: =QTY*O16 -> 0 | R16: =QTY*Q16 -> 0 | T16: =QTY*S16 -> 0 | V16: =QTY*U16 -> 0
A17: ='Base Bid'!A29 -> 0010 | B17: ='Base Bid'!B29 -> PCC Pavement Removal - 3-Inch Depth (Item P-101) | C17: ='Base Bid'!C29 -> 320 | D17: ='Base Bid'!D29 -> SY | F17: =QTY*E17 -> 0 | H17: =QTY*G17 -> 0 | J17: =QTY*I17 -> 0 | L17: =QTY*K17 -> 0 | N17: =QTY*M17 -> 0 | P17: =QTY*O17 -> 0 | R17: =QTY*Q17 -> 0 | T17: =QTY*S17 -> 0 | V17: =QTY*U17 -> 0
A18: ='Base Bid'!A30 -> 0011 | B18: ='Base Bid'!B30 -> PCC Pavement Removal - 4-Inch Depth (Item P-101) | C18: ='Base Bid'!C30 -> 60 | D18: ='Base Bid'!D30 -> SY | F18: =QTY*E18 -> 0 | H18: =QTY*G18 -> 0 | J18: =QTY*I18 -> 0 | L18: =QTY*K18 -> 0 | N18: =QTY*M18 -> 0 | P18: =QTY*O18 -> 0 | R18: =QTY*Q18 -> 0 | T18: =QTY*S18 -> 0 | V18: =QTY*U18 -> 0
A19: ='Base Bid'!A31 -> 0012 | B19: ='Base Bid'!B31 -> PCC Pavement Removal - 16-Inch Depth (Item P-101) | C19: ='Base Bid'!C31 -> 9400 | D19: ='Base Bid'!D31 -> SY | F19: =QTY*E19 -> 0 | H19: =QTY*G19 -> 0 | J19: =QTY*I19 -> 0 | L19: =QTY*K19 -> 0 | N19: =QTY*M19 -> 0 | P19: =QTY*O19 -> 0 | R19: =QTY*Q19 -> 0 | T19: =QTY*S19 -> 0 | V19: =QTY*U19 -> 0
... A90: ='Base Bid'!A102 -> 0083 | B90: ='Base Bid'!B102 -> Sign V-5 (Section 344302) | C90: ='Base Bid'!C102 -> 1 | D90: ='Base Bid'!D102 -> LS | F90: =QTY*E90 -> 0 | H90: =QTY*G90 -> 0 | J90: =QTY*I90 -> 0 | L90: =QTY*K90 -> 0 | N90: =QTY*M90 -> 0 | P90: =QTY*O90 -> 0 | R90: =QTY*Q90 -> 0 | T90: =QTY*S90 -> 0 | V90: =QTY*U90 -> 0
A91: ='Base Bid'!A103 -> 0084 | B91: ='Base Bid'!B103 -> Sign A4-13 (Section 344302) | C91: ='Base Bid'!C103 -> 1 | D91: ='Base Bid'!D103 -> LS
B92: Total Amount Bid Schedule A | F92: =SUM(F8:F91) -> 0 | H92: =SUM(H8:H91) -> 0 | J92: =SUM(J8:J91) -> 0 | L92: =SUM(L8:L91) -> 0 | N92: =SUM(N8:N91) -> 0 | P92: =SUM(P8:P91) -> 0 | R92: =SUM(R8:R91) -> 0 | T92: =SUM(T8:T91) -> 0 | V92: =SUM(V8:V91) -> 0

Sheet Bid Tab Alternate A
A1: PORTLAND INTERNATIONAL AIRPORT | E1: =Contractor1 -> Name of Contractor 1 | G1: =Contractor2 -> Name of Contractor 2 | I1: =Contractor3 -> Name of Contractor 3 | K1: =Contractor4 -> Name of Contractor 4 | M1: =Contractor5 -> Name of Contractor 5 | O1: =Contractor6 -> Name of Contractor 6 | Q1: =Contractor7 -> Name of Contractor 7 | S1: =Contractor8 -> Name of Contractor 8 | U1: =EngineerEstimate -> Engineer's Estimate
A2: TAXIWAY K REHABILITATION
A3: =ProjectTitle2 -> #REF!
A4: EAN 2017D013
A5: Solicitation No. 2018-7876
A6: =TODAY() -> 46062
A7: Item No. | B7: Item Description | C7: Estimated Quantity | D7: Units | E7: Unit Price | F7: Total Price | G7: Unit Price | H7: Total Price | I7: Unit Price | J7: Total Price | K7: Unit Price | L7: Total Price | M7: Unit Price | N7: Total Price | O7: Unit Price | P7: Total Price | Q7: Unit Price | R7: Total Price | S7: Unit Price | T7: Total Price | U7: Unit Price | V7: Total Price
A8: 0001 | B8: ='Alternate A'!B20 -> Mobilization, Cleanup, and Demobilization (Section 012200) | C8: ='Alternate A'!C20 -> 1 | D8: ='Alternate A'!D20 -> LS | F8: =QTY*E8 -> 0 | H8: =QTY*G8 -> 0 | J8: =QTY*I8 -> 0 | L8: =QTY*K8 -> 0 | N8: =QTY*M8 -> 0 | P8: =QTY*O8 -> 0 | R8: =QTY*Q8 -> 0 | T8: =QTY*S8 -> 0 | V8: =QTY*U8 -> 0
A9: 0002 | B9: ='Alternate A'!B21 -> Sweeper (Section 012200) | C9: ='Alternate A'!C21 -> 1 | D9: ='Alternate A'!D21 -> LS | F9: =QTY*E9 -> 0 | H9: =QTY*G9 -> 0 | J9: =QTY*I9 -> 0 | L9: =QTY*K9 -> 0 | N9: =QTY*M9 -> 0 | P9: =QTY*O9 -> 0 | R9: =QTY*Q9 -> 0 | T9: =QTY*S9 -> 0 | V9: =QTY*U9 -> 0
A10: 0003 | B10: ='Alternate A'!B22 -> Security Control Monitoring (Section 012200) | C10: ='Alternate A'!C22 -> 1 | D10: ='Alternate A'!D22 -> LS | F10: =QTY*E10 -> 0 | H10: =QTY*G10 -> 0 | J10: =QTY*I10 -> 0 | L10: =QTY*K10 -> 0 | N10: =QTY*M10 -> 0 | P10: =QTY*O10 -> 0 | R10: =QTY*Q10 -> 0 | T10: =QTY*S10 -> 0 | V10: =QTY*U10 -> 0
A11: 0004 | B11: ='Alternate A'!B23 -> Work Zone and Traffic Control (Section 012200) | C11: ='Alternate A'!C23 -> 1 | D11: ='Alternate A'!D23 -> LS | F11: =QTY*E11 -> 0 | H11: =QTY*G11 -> 0 | J11: =QTY*I11 -> 0 | L11: =QTY*K11 -> 0 | N11: =QTY*M11 -> 0 | P11: =QTY*O11 -> 0 | R11: =QTY*Q11 -> 0 | T11: =QTY*S11 -> 0 | V11: =QTY*U11 -> 0
A12: 0005 | B12: ='Alternate A'!B24 -> Escort (Section 012200) | C12: ='Alternate A'!C24 -> 1 | D12: ='Alternate A'!D24 -> LS | F12: =QTY*E12 -> 0 | H12: =QTY*G12 -> 0 | J12: =QTY*I12 -> 0 | L12: =QTY*K12 -> 0 | N12: =QTY*M12 -> 0 | P12: =QTY*O12 -> 0 | R12: =QTY*Q12 -> 0 | T12: =QTY*S12 -> 0 | V12: =QTY*U12 -> 0
A13: 0006 | B13: ='Alternate A'!B25 -> Inlet Protection (Section 015713) | C13: ='Alternate A'!C25 -> 18 | D13: ='Alternate A'!D25 -> Each | F13: =QTY*E13 -> 0 | H13: =QTY*G13 -> 0 | J13: =QTY*I13 -> 0 | L13: =QTY*K13 -> 0 | N13: =QTY*M13 -> 0 | P13: =QTY*O13 -> 0 | R13: =QTY*Q13 -> 0 | T13: =QTY*S13 -> 0 | V13: =QTY*U13 -> 0
A14: 0007 | B14: ='Alternate A'!B26 -> Construction Survey (Item GP-50) | C14: ='Alternate A'!C26 -> 1 | D14: ='Alternate A'!D26 -> LS | F14: =QTY*E14 -> 0 | H14: =QTY*G14 -> 0 | J14: =QTY*I14 -> 0 | L14: =QTY*K14 -> 0 | N14: =QTY*M14 -> 0 | P14: =QTY*O14 -> 0 | R14: =QTY*Q14 -> 0 | T14: =QTY*S14 -> 0 | V14: =QTY*U14 -> 0
A15: 0008 | B15: ='Alternate A'!B27 -> Cold Milling - 3-Inch Maximum Depth (Item P-101) | C15: ='Alternate A'!C27 -> 21200 | D15: ='Alternate A'!D27 -> SY | F15: =QTY*E15 -> 0 | H15: =QTY*G15 -> 0 | J15: =QTY*I15 -> 0 | L15: =QTY*K15 -> 0 | N15: =QTY*M15 -> 0 | P15: =QTY*O15 -> 0 | R15: =QTY*Q15 -> 0 | T15: =QTY*S15 -> 0 | V15: =QTY*U15 -> 0
A16: 0009 | B16: ='Alternate A'!B28 -> Bituminous Surface Course (Item P-401) | C16: ='Alternate A'!C28 -> 3800 | D16: ='Alternate A'!D28 -> Ton | F16: =QTY*E16 -> 0 | H16: =QTY*G16 -> 0 | J16: =QTY*I16 -> 0 | L16: =QTY*K16 -> 0 | N16: =QTY*M16 -> 0 | P16: =QTY*O16 -> 0 | R16: =QTY*Q16 -> 0 | T16: =QTY*S16 -> 0 | V16: =QTY*U16 -> 0
A17: 0010 | B17: ='Alternate A'!B29 -> Bituminous Tack Coat (Item P-603) | C17: ='Alternate A'!C29 -> 2200 | D17: ='Alternate A'!D29 -> Gal | F17: =QTY*E17 -> 0 | H17: =QTY*G17 -> 0 | J17: =QTY*I17 -> 0 | L17: =QTY*K17 -> 0 | N17: =QTY*M17 -> 0 | P17: =QTY*O17 -> 0 | R17: =QTY*Q17 -> 0 | T17: =QTY*S17 -> 0 | V17: =QTY*U17 -> 0
A18: 0011 | B18: ='Alternate A'!B30 -> Runway and Taxiway Marking (Item P-620) | C18: ='Alternate A'!C30 -> 8000 | D18: ='Alternate A'!D30 -> SF | F18: =QTY*E18 -> 0 | H18: =QTY*G18 -> 0 | J18: =QTY*I18 -> 0 | L18: =QTY*K18 -> 0 | N18: =QTY*M18 -> 0 | P18: =QTY*O18 -> 0 | R18: =QTY*Q18 -> 0 | T18: =QTY*S18 -> 0 | V18: =QTY*U18 -> 0
A19: 0012 | B19: ='Alternate A'!B31 -> Reflective Media (Item P-620) | C19: ='Alternate A'!C31 -> 500 | D19: ='Alternate A'!D31 -> LB | F19: =QTY*E19 -> 0 | H19: =QTY*G19 -> 0 | J19: =QTY*I19 -> 0 | L19: =QTY*K19 -> 0 | N19: =QTY*M19 -> 0 | P19: =QTY*O19 -> 0 | R19: =QTY*Q19 -> 0 | T19: =QTY*S19 -> 0 | V19: =QTY*U19 -> 0
... A24: 0017 | B24: ='Alternate A'!B36 -> 3-Inch Diameter Brass Marker (Section 260553) | C24: ='Alternate A'!C36 -> 18 | D24: ='Alternate A'!D36 -> Each | F24: =QTY*E24 -> 0 | H24: =QTY*G24 -> 0 | J24: =QTY*I24 -> 0 | L24: =QTY*K24 -> 0 | N24: =QTY*M24 -> 0 | P24: =QTY*O24 -> 0 | R24: =QTY*Q24 -> 0 | T24: =QTY*S24 -> 0 | V24: =QTY*U24 -> 0
B25: Total Amount Bid Alternate A | F25: =SUM(F8:F24) -> 0 | H25: =SUM(H8:H24) -> 0 | J25: =SUM(J8:J24) -> 0 | L25: =SUM(L8:L24) -> 0 | N25: =SUM(N8:N24) -> 0 | P25: =SUM(P8:P24) -> 0 | R25: =SUM(R8:R24) -> 0 | T25: =SUM(T8:T24) -> 0 | V25: =SUM(V8:V24) -> 0
B26: Total Amount Base Bid and Alternate A | F26: =ATotal1+BTotal1 -> 0 | H26: =ATotal2+BTotal2 -> 0 | J26: =ATotal3+BTotal3 -> 0 | L26: =ATotal4+BTotal4 -> 0 | N26: =ATotal5+BTotal5 -> 0 | P26: =ATotal6+BTotal6 -> 0 | R26: =ATotal7+BTotal7 -> 0 | T26: =ATotal8+BTotal8 -> 0 | V26: =ATotalEE+BTotalEE -> 0
B95: ='Alternate A'!B115 -> 0

Sheet Summary
A1: =ProjectLocation -> PORTLAND INTERNATIONAL AIRPORT
A2: =ProjectTitle -> TAXIWAY K REHABILITATION
A3: =ProjectTitle2 -> 0
A4: =EAN -> EAN 2017D013
A5: =SolicitationNo -> Solicitation No. 2018-7876
A6: =TODAY() -> 46062
A7: Bidder | B7: Total Price
A8: =Contractor1 -> Name of Contractor 1 | B8: =Total1 -> 0
A9: =Contractor2 -> Name of Contractor 2 | B9: =Total2 -> 0
A10: =Contractor3 -> Name of Contractor 3 | B10: =Total3 -> 0
A11: =Contractor4 -> Name of Contractor 4 | B11: =Total4 -> 0
A12: =Contractor5 -> Name of Contractor 5 | B12: =Total5 -> 0
A13: =Contractor6 -> Name of Contractor 6 | B13: =Total6 -> 0
A14: =Contractor7 -> Name of Contractor 7 | B14: =Total7 -> 0
A15: =Contractor8 -> Name of Contractor 8 | B15: =Total8 -> 0
A16: =EngineerEstimate -> Engineer's Estimate | B16: =TotalEE -> 0
A17: *Non-responsive to the small business requirements of this solicitation
A18: ^Corrected Bid Total
