Workbook
Name AQTY: '[2]Bid Tab Base Bid'!$C:$C
Name ATotal1: '[2]Bid Tab Base Bid'!$F$16
Name ATotal2: '[2]Bid Tab Base Bid'!$H$16
Name ATotal3: '[2]Bid Tab Base Bid'!$J$16
Name ATotal4: '[2]Bid Tab Base Bid'!#REF!
Name ATotal5: '[2]Bid Tab Base Bid'!#REF!
Name ATotal6: '[2]Bid Tab Base Bid'!#REF!
Name ATotal7: '[2]Bid Tab Base Bid'!#REF!
Name ATotal8: '[2]Bid Tab Base Bid'!#REF!
Name ATotalEE: '[2]Bid Tab Base Bid'!$L$16
Name BQTY: '[2]Bid Tab Add Alt 1'!$C:$C
Name Contractor1: 'Alternate 1 Tab'!$E$1
Name Contractor1: 'Alternate 2 Tab'!$E$1
Name Contractor1: 'Alternate 3 Tab'!$E$1
Name Contractor1: 'Alternate 4 Tab'!$E$1
Name Contractor1: '[2]Bid Tab Base Bid'!$E$1
Name Contractor1: 'Base Bid Tab'!$E$1
Name Contractor2: 'Alternate 1 Tab'!$G$1
Name Contractor2: 'Alternate 2 Tab'!$G$1
Name Contractor2: 'Alternate 3 Tab'!$G$1
Name Contractor2: 'Alternate 4 Tab'!$G$1
Name Contractor2: '[2]Bid Tab Base Bid'!$G$1
Name Contractor2: 'Base Bid Tab'!$G$1
Name Contractor3: 'Alternate 1 Tab'!#REF!
Name Contractor3: 'Alternate 2 Tab'!#REF!
Name Contractor3: 'Alternate 3 Tab'!#REF!
Name Contractor3: 'Alternate 4 Tab'!#REF!
Name Contractor3: '[2]Bid Tab Base Bid'!$I$1
Name Contractor3: 'Base Bid Tab'!#REF!
Name Contractor3A: 'Alternate 1 Tab'!#REF!
Name Contractor3A: 'Alternate 2 Tab'!#REF!
Name Contractor3A: 'Alternate 3 Tab'!#REF!
Name Contractor3A: 'Alternate 4 Tab'!#REF!
Name Contractor3A: 'Base Bid Tab'!#REF!
Name Contractor4: 'Alternate 1 Tab'!#REF!
Name Contractor4: 'Alternate 2 Tab'!#REF!
Name Contractor4: 'Alternate 3 Tab'!#REF!
Name Contractor4: 'Alternate 4 Tab'!#REF!
Name Contractor4: '[2]Bid Tab Base Bid'!#REF!
Name Contractor4: 'Base Bid Tab'!#REF!
Name Contractor5: 'Alternate 1 Tab'!#REF!
Name Contractor5: 'Alternate 2 Tab'!#REF!
Name Contractor5: 'Alternate 3 Tab'!#REF!
Name Contractor5: 'Alternate 4 Tab'!#REF!
Name Contractor5: '[2]Bid Tab Base Bid'!#REF!
Name Contractor5: 'Base Bid Tab'!#REF!
Name Contractor6: 'Alternate 1 Tab'!#REF!
Name Contractor6: 'Alternate 2 Tab'!#REF!
Name Contractor6: 'Alternate 3 Tab'!#REF!
Name Contractor6: 'Alternate 4 Tab'!#REF!
Name Contractor6: '[2]Bid Tab Base Bid'!#REF!
Name Contractor6: 'Base Bid Tab'!#REF!
Name Contractor7: 'Alternate 1 Tab'!#REF!
Name Contractor7: 'Alternate 2 Tab'!#REF!
Name Contractor7: 'Alternate 3 Tab'!#REF!
Name Contractor7: 'Alternate 4 Tab'!#REF!
Name Contractor7: '[2]Bid Tab Base Bid'!#REF!
Name Contractor7: 'Base Bid Tab'!#REF!
Name Contractor8: 'Alternate 1 Tab'!#REF!
Name Contractor8: 'Alternate 2 Tab'!#REF!

Sheet Bid Item List
A1: Acre
A2: CY
A3: Each
A4: FT
A5: Gal
A6: Hour
A7: LB
A8: LF
A9: LS
A10: Mile
A11: SF
A12: SY
... A16: EGSE INFRASTRUCTURE INSTALLATION - PHASE 2
A19: Item No. | B19: Item Description | C19: Estimated Quantity | D19: Units | E19: Unit Price | F19: Total Price
A20: 0001 | B20: Sweeper (Section 012200) | D20: Hour
A21: 0002 | B21: Traffic Control Flagger (Section 012200) | D21: Hour
A22: 0003 | B22: Escort (Section 012200) | D22: Hour
A23: 0004 | B23: Inlet Protection (Bag Insert) (Item C-102) | D23: Each
A24: 0005 | B24: Mobilization (Item C-105) | D24: LS
A25: 0006 | B25: Asphalt Pavement Removal (Item P-101) | D25: SY
A26: 0007 | B26: Concrete (Item P-610) | D26: SY
A27: 0008 | B27: Surface Prep - Existing Pavement (Item P-620) | D27: SF
A28: 0009 | B28: Surface Prep - Marking Removal (Item P-620) | D28: SF
A29: 0010 | B29: Markings (Item P-620) | D29: SF
A30: 0011 | B30: Reflective Media (Item P-620) | D30: LB
A31: 0012 | B31: Remove Bollard - Embedded (Section 024113) | D31: Each
... A45: 0026 | B45: New Electrical Panels, 800A (Section 260500) | D45: Each
A46: 0027 | B46: Training (Section 260500) | C46: 1 | D46: LS
A47: 0028 | B47: Electrical Charging Units (Primary Units) (Section 263343) | D47: Each
A48: 0029 | B48: Electrical Charging Units (Secondary Units) (Section 263343) | D48: Each
A49: 0030 | B49: Data Equipment Rack & Data Connections (Section 271000) | D49: Each
A50: 0031 | B50: Data Equipment Rack & Data Connections (1" Conduit) (Section 271000) | D50: LF
A51: 0032 | B51: Data to Each Charger (Gates) (Section 271000) | D51: Each
B52: Total Amount Bid (Basis of Award) | F52: $___________

Sheet Base Bid
A1: Acre
A2: CY
A3: Each
A4: FT
A5: Gal
A6: Hour
A7: LB
A8: LF
A9: LS
A10: Mile
A11: SF
A12: SY
... A16: EGSE INFRASTRUCTURE INSTALLATION - PHASE 2
A19: Item No. | B19: Item Description | C19: Estimated Quantity | D19: Units | E19: Unit Price | F19: Total Price
A20: 0001 | B20: Mobilization (Item C-105) | C20: 1 | D20: LS
A21: 0002 | B21: Surface Prep - Existing Pavement (Item P-620) | C21: 5407 | D21: SF
A22: 0003 | B22: Surface Prep - Marking Removal (Item P-620) | C22: 1515 | D22: SF
A23: 0004 | B23: Markings (Item P-620) | C23: 5407 | D23: SF
A24: 0005 | B24: Reflective Media (Item P-620) | C24: 362 | D24: LB
A25: 0006 | B25: Remove Bollard - Embedded (Section 024113) | C25: 10 | D25: Each
A26: 0007 | B26: Remove Bollard - Bolt Down (Section 024113) | C26: 1 | D26: Each
A27: 0008 | B27: Cable Retrievers (Section 111100) | C27: 112 | D27: Each
A28: 0009 | B28: Precast Concrete Wheel Stop (Section 347115) | C28: 74 | D28: Each
A29: 0010 | B29: Bollard - Bolt Down (Section 347115) | C29: 35 | D29: Each
A30: 0011 | B30: Guard Rail (Section 347115) | C30: 430 | D30: LF
A31: 0012 | B31: Electrical Feeds to Enclosed Circuit Breakers (2.5" Conduit) (Section 260500) | C31: 2700 | D31: LF
... A40: 0021 | B40: Data Drop to Each Enclosure and Chargers (Section 271000) | C40: 61 | D40: Each
B41: Total Amount Bid (Basis of Award)

Sheet AddAlt 1
A1: Acre
A2: CY
A3: Each
A4: FT
A5: Gal
A6: Hour
A7: LB
A8: LF
A9: LS
A10: Mile
A11: SF
A12: SY
... A16: EGSE INFRASTRUCTURE INSTALLATION - PHASE 2
A19: Item No. | B19: Item Description | C19: Estimated Quantity | D19: Units | E19: Unit Price | F19: Total Price
A20: 0001 | B20: Sweeper (Section 012200) | C20: 1 | D20: LS
A21: 0002 | B21: Escort (Section 012200) | C21: 1 | D21: LS
A22: 0003 | B22: Mobilization (Item C-105) | C22: 1 | D22: LS
A23: 0004 | B23: Asphalt Pavement Removal (Item P-101) | C23: 145 | D23: SY
A24: 0005 | B24: Concrete (Item P-610) | C24: 112 | D24: SY
A25: 0006 | B25: Surface Prep - Existing Pavement (Item P-620) | C25: 1559 | D25: SF
A26: 0007 | B26: Surface Prep - Marking Removal (Item P-620) | C26: 220 | D26: SF
A27: 0008 | B27: Markings (Item P-620) | C27: 1559 | D27: SF
A28: 0009 | B28: Reflective Media (Item P-620) | C28: 106 | D28: LB
A29: 0010 | B29: Remove Bollard - Embedded (Section 024113) | C29: 9 | D29: Each
A30: 0011 | B30: Remove Electrical Chargers (Section 024113) | C30: 1 | D30: LS
A31: 0012 | B31: Cable Retrievers (Section 111100) | C31: 38 | D31: Each
... A44: 0025 | B44: Data Drop to Each Enclosure and Chargers (Section 271000) | C44: 19 | D44: Each
B45: Total Amount Additive Alternate 1

Sheet AddAlt 2
A1: Acre
A2: CY
A3: Each
A4: FT
A5: Gal
A6: Hour
A7: LB
A8: LF
A9: LS
A10: Mile
A11: SF
A12: SY
... A16: EGSE INFRASTRUCTURE INSTALLATION - PHASE 2
A19: Item No. | B19: Item Description | C19: Estimated Quantity | D19: Units | E19: Unit Price | F19: Total Price
A20: 0001 | B20: Mobilization (Item C-105) | C20: 1 | D20: LS
A21: 0002 | B21: Surface Prep - Existing Pavement (Item P-620) | C21: 2142 | D21: SF
A22: 0003 | B22: Surface Prep - Marking Removal (Item P-620) | C22: 766 | D22: SF
A23: 0004 | B23: Markings (Item P-620) | C23: 2142 | D23: SF
A24: 0005 | B24: Reflective Media (Item P-620) | C24: 143 | D24: LB
A25: 0006 | B25: Remove Bollard - Embedded (Section 024113) | C25: 6 | D25: Each
A26: 0007 | B26: Relocate Storage Shelter (Section 024113) | C26: 1 | D26: LS
A27: 0008 | B27: Cable Retrievers (Section 111100) | C27: 46 | D27: Each
A28: 0009 | B28: Precast Concrete Wheel Stop (Section 347115) | C28: 33 | D28: Each
A29: 0010 | B29: Bollard - Bolt Down (Section 347115) | C29: 19 | D29: Each
A30: 0011 | B30: Guard Rail (Section 347115) | C30: 161 | D30: LF
A31: 0012 | B31: Electrical Feeds to Enclosed Circuit Breakers (2.5" Conduit) (Section 260500) | C31: 1025 | D31: LF
... A38: 0019 | B38: Data Drop to Each Enclosure and Chargers (Section 271000) | C38: 23 | D38: Each
B39: Total Amount Additive Alternate 2

Sheet AddAlt 3
A1: Acre
A2: CY
A3: Each
A4: FT
A5: Gal
A6: Hour
A7: LB
A8: LF
A9: LS
A10: Mile
A11: SF
A12: SY
... A16: EGSE INFRASTRUCTURE INSTALLATION - PHASE 2
A19: Item No. | B19: Item Description | C19: Estimated Quantity | D19: Units | E19: Unit Price | F19: Total Price
A20: 0001 | B20: Sweeper Section (012200) | C20: 1 | D20: LS
A21: 0002 | B21: Escort (Section 012200) | C21: 1 | D21: LS
A22: 0003 | B22: Mobilization (Item C-105) | C22: 1 | D22: LS
A23: 0004 | B23: Asphalt Pavement Removal (Item P-101) | C23: 67 | D23: SY
A24: 0005 | B24: Concrete (Item P-610) | C24: 67 | D24: SY
A25: 0006 | B25: Surface Prep - Existing Pavement (Item P-620) | C25: 341 | D25: SF
A26: 0007 | B26: Surface Prep - Marking Removal (Item P-620) | C26: 67 | D26: SF
A27: 0008 | B27: Markings (Item P-620) | C27: 341 | D27: SF
A28: 0009 | B28: Reflective Media (Item P-620) | C28: 23 | D28: LB
A29: 0010 | B29: Cable Retrievers (Section 111100) | C29: 8 | D29: Each
A30: 0011 | B30: Precast Concrete Wheel Stop (Section 347115) | C30: 8 | D30: Each
A31: 0012 | B31: Guard Rail (Section 347115) | C31: 98 | D31: LF
... A39: 0020 | B39: Data Drop to Each Enclosure and Chargers (Section 271000) | C39: 4 | D39: Each
B40: Total Amount Additive Alternate 3

Sheet AddAlt 4
A1: Acre
A2: CY
A3: Each
A4: FT
A5: Gal
A6: Hour
A7: LB
A8: LF
A9: LS
A10: Mile
A11: SF
A12: SY
... A16: EGSE INFRASTRUCTURE INSTALLATION - PHASE 2
A19: Item No. | B19: Item Description | C19: Estimated Quantity | D19: Units | E19: Unit Price | F19: Total Price
A20: 0001 | B20: Sweeper (Section 012200) | C20: 1 | D20: LS
A21: 0002 | B21: Escort (Section 012200) | C21: 1 | D21: LS
A22: 0003 | B22: Mobilization (Item C-105) | C22: 1 | D22: LS
A23: 0004 | B23: Asphalt Pavement Removal (Item P-101) | C23: 21 | D23: SY
A24: 0005 | B24: Concrete (Item P-610) | C24: 21 | D24: SY
A25: 0006 | B25: Surface Prep - Existing Pavement (Item P-620) | C25: 259 | D25: SF
A26: 0007 | B26: Markings (Item P-620) | C26: 259 | D26: SF
A27: 0008 | B27: Reflective Media (Item P-620) | C27: 17 | D27: LB
A28: 0009 | B28: Cable Retrievers (Section 111100) | C28: 6 | D28: Each
A29: 0010 | B29: Precast Concrete Wheel Stop (Section 347115) | C29: 5 | D29: Each
A30: 0011 | B30: Bollard - Bolt Down (Section 347115) | C30: 2 | D30: Each
A31: 0012 | B31: Guard Rail (Section 347115) | C31: 82 | D31: LF
... A41: 0022 | B41: Data Drop to Each Enclosure and Chargers (Section 271000) | C41: 3 | D41: Each
B42: Total Amount Additive Alternate 4

Sheet Base Bid Tab
A1: =ProjectLocation -> PORTLAND INTERNATIONAL AIRPORT | E1: Fortis Construction, Inc. | G1: Northeast Electric, LLC | I1: Engineer's Estimate
A2: =ProjectTitle -> EGSE INFRASTRUCTURE INSTALLATION - PHASE 2
A3: =ProjectTitle2 -> 0
A4: EAN 2023D003
A5: Solicitation No. 2024-10481
A6: =TODAY() -> 45377
A7: Item No. | B7: Item Description | C7: Estimated Quantity | D7: Units | E7: Unit Price | F7: Total Price | G7: Unit Price | H7: Total Price | I7: Unit Price | J7: Total Price
A8: 0001 | B8: ='Base Bid'!B20 -> Mobilization (Item C-105) | C8: ='Base Bid'!C20 -> 1 | D8: ='Base Bid'!D20 -> LS | E8: 330989.89 | F8: =QTY*E8 -> 330989.89 | G8: 750000 | H8: =QTY*G8 -> 750000 | I8: =0.1*SUM(J15:J28) -> 1333883.7 | J8: =QTY*I8 -> 1333883.7
A9: 0002 | B9: ='Base Bid'!B21 -> Surface Prep - Existing Pavement (Item P-620) | C9: ='Base Bid'!C21 -> 5407 | D9: ='Base Bid'!D21 -> SF | E9: 0.89 | F9: =QTY*E9 -> 4812.23 | G9: 1 | H9: =QTY*G9 -> 5407 | I9: 5 | J9: =QTY*I9 -> 27035
A10: 0003 | B10: ='Base Bid'!B22 -> Surface Prep - Marking Removal (Item P-620) | C10: ='Base Bid'!C22 -> 1515 | D10: ='Base Bid'!D22 -> SF | E10: 6.3 | F10: =QTY*E10 -> 9544.5 | G10: 16 | H10: =QTY*G10 -> 24240 | I10: 12 | J10: =QTY*I10 -> 18180
A11: 0004 | B11: ='Base Bid'!B23 -> Markings (Item P-620) | C11: ='Base Bid'!C23 -> 5407 | D11: ='Base Bid'!D23 -> SF | E11: 3.9 | F11: =QTY*E11 -> 21087.3 | G11: 5 | H11: =QTY*G11 -> 27035 | I11: 12.5 | J11: =QTY*I11 -> 67587.5
A12: 0005 | B12: ='Base Bid'!B24 -> Reflective Media (Item P-620) | C12: ='Base Bid'!C24 -> 362 | D12: ='Base Bid'!D24 -> LB | E12: 2.23 | F12: =QTY*E12 -> 807.26 | G12: 5 | H12: =QTY*G12 -> 1810 | I12: 10 | J12: =QTY*I12 -> 3620
A13: 0006 | B13: ='Base Bid'!B25 -> Remove Bollard - Embedded (Section 024113) | C13: ='Base Bid'!C25 -> 10 | D13: ='Base Bid'!D25 -> Each | E13: 1288.14 | F13: =QTY*E13 -> 12881.4 | G13: 1000 | H13: =QTY*G13 -> 10000 | I13: 800 | J13: =QTY*I13 -> 8000
A14: 0007 | B14: ='Base Bid'!B26 -> Remove Bollard - Bolt Down (Section 024113) | C14: ='Base Bid'!C26 -> 1 | D14: ='Base Bid'!D26 -> Each | E14: 917.97 | F14: =QTY*E14 -> 917.97 | G14: 1000 | H14: =QTY*G14 -> 1000 | I14: 300 | J14: =QTY*I14 -> 300
A15: 0008 | B15: ='Base Bid'!B27 -> Cable Retrievers (Section 111100) | C15: ='Base Bid'!C27 -> 112 | D15: ='Base Bid'!D27 -> Each | E15: 5133.93 | F15: =QTY*E15 -> 575000.16 | G15: 7500 | H15: =QTY*G15 -> 840000 | I15: 6462 | J15: =QTY*I15 -> 723744
A16: 0009 | B16: ='Base Bid'!B28 -> Precast Concrete Wheel Stop (Section 347115) | C16: ='Base Bid'!C28 -> 74 | D16: ='Base Bid'!D28 -> Each | E16: 267.07 | F16: =QTY*E16 -> 19763.18 | G16: 200 | H16: =QTY*G16 -> 14800 | I16: 400 | J16: =QTY*I16 -> 29600
A17: 0010 | B17: ='Base Bid'!B29 -> Bollard - Bolt Down (Section 347115) | C17: ='Base Bid'!C29 -> 35 | D17: ='Base Bid'!D29 -> Each | E17: 5856.49 | F17: =QTY*E17 -> 204977.15 | G17: 900 | H17: =QTY*G17 -> 31500 | I17: 1700 | J17: =QTY*I17 -> 59500
A18: 0011 | B18: ='Base Bid'!B30 -> Guard Rail (Section 347115) | C18: ='Base Bid'!C30 -> 430 | D18: ='Base Bid'!D30 -> LF | E18: 688.7 | F18: =QTY*E18 -> 296141 | G18: 185 | H18: =QTY*G18 -> 79550 | I18: 625 | J18: =QTY*I18 -> 268750
A19: 0012 | B19: ='Base Bid'!B31 -> Electrical Feeds to Enclosed Circuit Breakers (2.5" Conduit) (Section 260500) | C19: ='Base Bid'!C31 -> 2700 | D19: ='Base Bid'!D31 -> LF | E19: 56.43 | F19: =QTY*E19 -> 152361 | G19: 72 | H19: =QTY*G19 -> 194400 | I19: 100 | J19: =QTY*I19 -> 270000
A20: 0013 | B20: ='Base Bid'!B32 -> Electrical Feeds to Enclosed Circuit Breakers (3/4" Conduit) (Section 260500) | C20: ='Base Bid'!C32 -> 2660 | D20: ='Base Bid'!D32 -> LF | E20: 19.27 | F20: =QTY*E20 -> 51258.2 | G20: 25 | H20: =QTY*G20 -> 66500 | I20: 100 | J20: =QTY*I20 -> 266000
... A28: 0021 | B28: ='Base Bid'!B40 -> Data Drop to Each Enclosure and Chargers (Section 271000) | C28: ='Base Bid'!C40 -> 61 | D28: ='Base Bid'!D40 -> Each | E28: 3049.65 | F28: =QTY*E28 -> 186028.65 | G28: 17000 | H28: =QTY*G28 -> 1037000 | I28: 6738 | J28: =QTY*I28 -> 411018
B29: Total Amount Bid (Basis of Award) | F29: =SUM($F8:$F28) -> 6387362.3 | H29: =SUM($H8:$H28) -> 7573242 | J29: =SUM($J8:$J28) -> 14797443

Sheet Alternate 1 Tab
A1: =ProjectLocation -> PORTLAND INTERNATIONAL AIRPORT | E1: Fortis Construction, Inc. | G1: Northeast Electric, LLC | I1: Engineer's Estimate
A2: =ProjectTitle -> EGSE INFRASTRUCTURE INSTALLATION - PHASE 2
A3: =ProjectTitle2 -> 0
A4: EAN 2023D003
A5: Solicitation No. 2024-10481
A6: =TODAY() -> 45377
A7: Item No. | B7: Item Description | C7: Estimated Quantity | D7: Units | E7: Unit Price | F7: Total Price | G7: Unit Price | H7: Total Price | I7: Unit Price | J7: Total Price
A8: 0001 | B8: ='AddAlt 1'!B20 -> Sweeper (Section 012200) | C8: ='AddAlt 1'!C20 -> 1 | D8: ='AddAlt 1'!D20 -> LS | E8: 50000 | F8: =QTY*E8 -> 50000 | G8: 6000 | H8: =QTY*G8 -> 6000 | I8: 7500 | J8: =QTY*I8 -> 7500
A9: 0002 | B9: ='AddAlt 1'!B21 -> Escort (Section 012200) | C9: ='AddAlt 1'!C21 -> 1 | D9: ='AddAlt 1'!D21 -> LS | E9: 50000 | F9: =QTY*E9 -> 50000 | G9: 15000 | H9: =QTY*G9 -> 15000 | I9: 5000 | J9: =QTY*I9 -> 5000
A10: 0003 | B10: ='AddAlt 1'!B22 -> Mobilization (Item C-105) | C10: ='AddAlt 1'!C22 -> 1 | D10: ='AddAlt 1'!D22 -> LS | E10: 267968.32 | F10: =QTY*E10 -> 267968.32 | G10: 100000 | H10: =QTY*G10 -> 100000 | I10: =0.1*(J8+J9+SUM(J11:J32)) -> 425659.95 | J10: =QTY*I10 -> 425659.95
A11: 0004 | B11: ='AddAlt 1'!B23 -> Asphalt Pavement Removal (Item P-101) | C11: ='AddAlt 1'!C23 -> 145 | D11: ='AddAlt 1'!D23 -> SY | E11: 200 | F11: =QTY*E11 -> 29000 | G11: 280 | H11: =QTY*G11 -> 40600 | I11: 50 | J11: =QTY*I11 -> 7250
A12: 0005 | B12: ='AddAlt 1'!B24 -> Concrete (Item P-610) | C12: ='AddAlt 1'!C24 -> 112 | D12: ='AddAlt 1'!D24 -> SY | E12: 1750 | F12: =QTY*E12 -> 196000 | G12: 350 | H12: =QTY*G12 -> 39200 | I12: 67 | J12: =QTY*I12 -> 7504
A13: 0006 | B13: ='AddAlt 1'!B25 -> Surface Prep - Existing Pavement (Item P-620) | C13: ='AddAlt 1'!C25 -> 1559 | D13: ='AddAlt 1'!D25 -> SF | E13: 0.89 | F13: =QTY*E13 -> 1387.51 | G13: 1 | H13: =QTY*G13 -> 1559 | I13: 5 | J13: =QTY*I13 -> 7795
A14: 0007 | B14: ='AddAlt 1'!B26 -> Surface Prep - Marking Removal (Item P-620) | C14: ='AddAlt 1'!C26 -> 220 | D14: ='AddAlt 1'!D26 -> SF | E14: 6.3 | F14: =QTY*E14 -> 1386 | G14: 16 | H14: =QTY*G14 -> 3520 | I14: 12 | J14: =QTY*I14 -> 2640
A15: 0008 | B15: ='AddAlt 1'!B27 -> Markings (Item P-620) | C15: ='AddAlt 1'!C27 -> 1559 | D15: ='AddAlt 1'!D27 -> SF | E15: 3.9 | F15: =QTY*E15 -> 6080.1 | G15: 5 | H15: =QTY*G15 -> 7795 | I15: 12.5 | J15: =QTY*I15 -> 19487.5
A16: 0009 | B16: ='AddAlt 1'!B28 -> Reflective Media (Item P-620) | C16: ='AddAlt 1'!C28 -> 106 | D16: ='AddAlt 1'!D28 -> LB | E16: 2.23 | F16: =QTY*E16 -> 236.38 | G16: 5 | H16: =QTY*G16 -> 530 | I16: 10 | J16: =QTY*I16 -> 1060
A17: 0010 | B17: ='AddAlt 1'!B29 -> Remove Bollard - Embedded (Section 024113) | C17: ='AddAlt 1'!C29 -> 9 | D17: ='AddAlt 1'!D29 -> Each | E17: 1288.14 | F17: =QTY*E17 -> 11593.26 | G17: 800 | H17: =QTY*G17 -> 7200 | I17: 800 | J17: =QTY*I17 -> 7200
A18: 0011 | B18: ='AddAlt 1'!B30 -> Remove Electrical Chargers (Section 024113) | C18: ='AddAlt 1'!C30 -> 1 | D18: ='AddAlt 1'!D30 -> LS | E18: 25000 | F18: =QTY*E18 -> 25000 | G18: 7500 | H18: =QTY*G18 -> 7500 | I18: 25000 | J18: =QTY*I18 -> 25000
A19: 0012 | B19: ='AddAlt 1'!B31 -> Cable Retrievers (Section 111100) | C19: ='AddAlt 1'!C31 -> 38 | D19: ='AddAlt 1'!D31 -> Each | E19: 5133.93 | F19: =QTY*E19 -> 195089.34 | G19: 7500 | H19: =QTY*G19 -> 285000 | I19: 6462 | J19: =QTY*I19 -> 245556
A20: 0013 | B20: ='AddAlt 1'!B32 -> Precast Concrete Wheel Stop (Section 347115) | C20: ='AddAlt 1'!C32 -> 23 | D20: ='AddAlt 1'!D32 -> Each | E20: 267.07 | F20: =QTY*E20 -> 6142.61 | G20: 200 | H20: =QTY*G20 -> 4600 | I20: 400 | J20: =QTY*I20 -> 9200
A21: 0014 | B21: ='AddAlt 1'!B33 -> Bollard - Bolt Down (Section 347115) | C21: ='AddAlt 1'!C33 -> 7 | D21: ='AddAlt 1'!D33 -> Each | E21: 3200 | F21: =QTY*E21 -> 22400 | G21: 900 | H21: =QTY*G21 -> 6300 | I21: 1700 | J21: =QTY*I21 -> 11900
A22: 0015 | B22: ='AddAlt 1'!B34 -> Guard Rail (Section 347115) | C22: ='AddAlt 1'!C34 -> 105 | D22: ='AddAlt 1'!D34 -> LF | E22: 688.7 | F22: =QTY*E22 -> 72313.5 | G22: 185 | H22: =QTY*G22 -> 19425 | I22: 625 | J22: =QTY*I22 -> 65625
... A32: 0025 | B32: ='AddAlt 1'!B44 -> Data Drop to Each Enclosure and Chargers (Section 271000) | C32: ='AddAlt 1'!C44 -> 19 | D32: ='AddAlt 1'!D44 -> Each | E32: 3049.65 | F32: =QTY*E32 -> 57943.35 | G32: 9000 | H32: =QTY*G32 -> 171000 | I32: 6738 | J32: =QTY*I32 -> 128022
B33: Total Amount Additive Alternate 1 | F33: =SUM($F8:$F32) -> 2405600.2 | H33: =SUM($H8:$H32) -> 2275969 | J33: =SUM($J8:$J32) -> 4682259.5

Sheet Alternate 2 Tab
A1: =ProjectLocation -> PORTLAND INTERNATIONAL AIRPORT | E1: Fortis Construction, Inc. | G1: Northeast Electric, LLC | I1: Engineer's Estimate
A2: =ProjectTitle -> EGSE INFRASTRUCTURE INSTALLATION - PHASE 2
A3: =ProjectTitle2 -> 0
A4: EAN 2023D003
A5: Solicitation No. 2024-10481
A6: =TODAY() -> 45377
A7: Item No. | B7: Item Description | C7: Estimated Quantity | D7: Units | E7: Unit Price | F7: Total Price | G7: Unit Price | H7: Total Price | I7: Unit Price | J7: Total Price
A8: 0001 | B8: ='AddAlt 2'!B20 -> Mobilization (Item C-105) | C8: ='AddAlt 2'!C20 -> 1 | D8: ='AddAlt 2'!D20 -> LS | E8: 448409.26 | F8: =QTY*E8 -> 448409.26 | G8: 100000 | H8: =QTY*G8 -> 100000 | I8: =0.1*SUM(J9:J26) -> 524710.6 | J8: =QTY*I8 -> 524710.6
A9: 0002 | B9: ='AddAlt 2'!B21 -> Surface Prep - Existing Pavement (Item P-620) | C9: ='AddAlt 2'!C21 -> 2142 | D9: ='AddAlt 2'!D21 -> SF | E9: 0.89 | F9: =QTY*E9 -> 1906.38 | G9: 1 | H9: =QTY*G9 -> 2142 | I9: 5 | J9: =QTY*I9 -> 10710
A10: 0003 | B10: ='AddAlt 2'!B22 -> Surface Prep - Marking Removal (Item P-620) | C10: ='AddAlt 2'!C22 -> 766 | D10: ='AddAlt 2'!D22 -> SF | E10: 6.3 | F10: =QTY*E10 -> 4825.8 | G10: 16 | H10: =QTY*G10 -> 12256 | I10: 12 | J10: =QTY*I10 -> 9192
A11: 0004 | B11: ='AddAlt 2'!B23 -> Markings (Item P-620) | C11: ='AddAlt 2'!C23 -> 2142 | D11: ='AddAlt 2'!D23 -> SF | E11: 3.9 | F11: =QTY*E11 -> 8353.8 | G11: 5 | H11: =QTY*G11 -> 10710 | I11: 12.5 | J11: =QTY*I11 -> 26775
A12: 0005 | B12: ='AddAlt 2'!B24 -> Reflective Media (Item P-620) | C12: ='AddAlt 2'!C24 -> 143 | D12: ='AddAlt 2'!D24 -> LB | E12: 2.23 | F12: =QTY*E12 -> 318.89 | G12: 5 | H12: =QTY*G12 -> 715 | I12: 10 | J12: =QTY*I12 -> 1430
A13: 0006 | B13: ='AddAlt 2'!B25 -> Remove Bollard - Embedded (Section 024113) | C13: ='AddAlt 2'!C25 -> 6 | D13: ='AddAlt 2'!D25 -> Each | E13: 1288.14 | F13: =QTY*E13 -> 7728.84 | G13: 1000 | H13: =QTY*G13 -> 6000 | I13: 800 | J13: =QTY*I13 -> 4800
A14: 0007 | B14: ='AddAlt 2'!B26 -> Relocate Storage Shelter (Section 024113) | C14: ='AddAlt 2'!C26 -> 1 | D14: ='AddAlt 2'!D26 -> LS | E14: 25000 | F14: =QTY*E14 -> 25000 | G14: 2000 | H14: =QTY*G14 -> 2000 | I14: 10000 | J14: =QTY*I14 -> 10000
A15: 0008 | B15: ='AddAlt 2'!B27 -> Cable Retrievers (Section 111100) | C15: ='AddAlt 2'!C27 -> 46 | D15: ='AddAlt 2'!D27 -> Each | E15: 5133.93 | F15: =QTY*E15 -> 236160.78 | G15: 7500 | H15: =QTY*G15 -> 345000 | I15: 6462 | J15: =QTY*I15 -> 297252
A16: 0009 | B16: ='AddAlt 2'!B28 -> Precast Concrete Wheel Stop (Section 347115) | C16: ='AddAlt 2'!C28 -> 33 | D16: ='AddAlt 2'!D28 -> Each | E16: 267.07 | F16: =QTY*E16 -> 8813.31 | G16: 200 | H16: =QTY*G16 -> 6600 | I16: 400 | J16: =QTY*I16 -> 13200
A17: 0010 | B17: ='AddAlt 2'!B29 -> Bollard - Bolt Down (Section 347115) | C17: ='AddAlt 2'!C29 -> 19 | D17: ='AddAlt 2'!D29 -> Each | E17: 5856.49 | F17: =QTY*E17 -> 111273.31 | G17: 900 | H17: =QTY*G17 -> 17100 | I17: 1700 | J17: =QTY*I17 -> 32300
A18: 0011 | B18: ='AddAlt 2'!B30 -> Guard Rail (Section 347115) | C18: ='AddAlt 2'!C30 -> 161 | D18: ='AddAlt 2'!D30 -> LF | E18: 688.7 | F18: =QTY*E18 -> 110880.7 | G18: 185 | H18: =QTY*G18 -> 29785 | I18: 625 | J18: =QTY*I18 -> 100625
A19: 0012 | B19: ='AddAlt 2'!B31 -> Electrical Feeds to Enclosed Circuit Breakers (2.5" Conduit) (Section 260500) | C19: ='AddAlt 2'!C31 -> 1025 | D19: ='AddAlt 2'!D31 -> LF | E19: 56.43 | F19: =QTY*E19 -> 57840.75 | G19: 60 | H19: =QTY*G19 -> 61500 | I19: 100 | J19: =QTY*I19 -> 102500
A20: 0013 | B20: ='AddAlt 2'!B32 -> Electrical Feeds to Enclosed Circuit Breakers (3/4" Conduit) (Section 260500) | C20: ='AddAlt 2'!C32 -> 1025 | D20: ='AddAlt 2'!D32 -> LF | E20: 19.27 | F20: =QTY*E20 -> 19751.75 | G20: 20 | H20: =QTY*G20 -> 20500 | I20: 100 | J20: =QTY*I20 -> 102500
... A26: 0019 | B26: ='AddAlt 2'!B38 -> Data Drop to Each Enclosure and Chargers (Section 271000) | C26: ='AddAlt 2'!C38 -> 23 | D26: ='AddAlt 2'!D38 -> Each | E26: 3049.65 | F26: =QTY*E26 -> 70141.95 | G26: 11000 | H26: =QTY*G26 -> 253000 | I26: 6738 | J26: =QTY*I26 -> 154974
B27: Total Amount Additive Alternate 2 | F27: =SUM($F8:$F26) -> 2840799.4 | H27: =SUM($H8:$H26) -> 2580308 | J27: =SUM($J8:$J26) -> 5771816.6

Sheet Alternate 3 Tab
A1: =ProjectLocation -> PORTLAND INTERNATIONAL AIRPORT | E1: Fortis Construction, Inc. | G1: Northeast Electric, LLC | I1: Engineer's Estimate
A2: =ProjectTitle -> EGSE INFRASTRUCTURE INSTALLATION - PHASE 2
A3: =ProjectTitle2 -> 0
A4: EAN 2023D003
A5: Solicitation No. 2024-10481
A6: =TODAY() -> 45377
A7: Item No. | B7: Item Description | C7: Estimated Quantity | D7: Units | E7: Unit Price | F7: Total Price | G7: Unit Price | H7: Total Price | I7: Unit Price | J7: Total Price
A8: 0001 | B8: ='AddAlt 3'!B20 -> Sweeper Section (012200) | C8: ='AddAlt 3'!C20 -> 1 | D8: ='AddAlt 3'!D20 -> LS | E8: 50000 | F8: =QTY*E8 -> 50000 | G8: 3000 | H8: =QTY*G8 -> 3000 | I8: 7500 | J8: =QTY*I8 -> 7500
A9: 0002 | B9: ='AddAlt 3'!B21 -> Escort (Section 012200) | C9: ='AddAlt 3'!C21 -> 1 | D9: ='AddAlt 3'!D21 -> LS | E9: 50000 | F9: =QTY*E9 -> 50000 | G9: 10000 | H9: =QTY*G9 -> 10000 | I9: 5000 | J9: =QTY*I9 -> 5000
A10: 0003 | B10: ='AddAlt 3'!B22 -> Mobilization (Item C-105) | C10: ='AddAlt 3'!C22 -> 1 | D10: ='AddAlt 3'!D22 -> LS | E10: 254409.54 | F10: =QTY*E10 -> 254409.54 | G10: 20000 | H10: =QTY*G10 -> 20000 | I10: =0.1*(J8+J9+SUM(J11:J27)) -> 87850.75 | J10: =QTY*I10 -> 87850.75
A11: 0004 | B11: ='AddAlt 3'!B23 -> Asphalt Pavement Removal (Item P-101) | C11: ='AddAlt 3'!C23 -> 67 | D11: ='AddAlt 3'!D23 -> SY | E11: 200 | F11: =QTY*E11 -> 13400 | G11: 280 | H11: =QTY*G11 -> 18760 | I11: 50 | J11: =QTY*I11 -> 3350
A12: 0005 | B12: ='AddAlt 3'!B24 -> Concrete (Item P-610) | C12: ='AddAlt 3'!C24 -> 67 | D12: ='AddAlt 3'!D24 -> SY | E12: 1750 | F12: =QTY*E12 -> 117250 | G12: 350 | H12: =QTY*G12 -> 23450 | I12: 67 | J12: =QTY*I12 -> 4489
A13: 0006 | B13: ='AddAlt 3'!B25 -> Surface Prep - Existing Pavement (Item P-620) | C13: ='AddAlt 3'!C25 -> 341 | D13: ='AddAlt 3'!D25 -> SF | E13: 0.89 | F13: =QTY*E13 -> 303.49 | G13: 1 | H13: =QTY*G13 -> 341 | I13: 5 | J13: =QTY*I13 -> 1705
A14: 0007 | B14: ='AddAlt 3'!B26 -> Surface Prep - Marking Removal (Item P-620) | C14: ='AddAlt 3'!C26 -> 67 | D14: ='AddAlt 3'!D26 -> SF | E14: 6.3 | F14: =QTY*E14 -> 422.1 | G14: 16 | H14: =QTY*G14 -> 1072 | I14: 12 | J14: =QTY*I14 -> 804
A15: 0008 | B15: ='AddAlt 3'!B27 -> Markings (Item P-620) | C15: ='AddAlt 3'!C27 -> 341 | D15: ='AddAlt 3'!D27 -> SF | E15: 3.9 | F15: =QTY*E15 -> 1329.9 | G15: 5 | H15: =QTY*G15 -> 1705 | I15: 12.5 | J15: =QTY*I15 -> 4262.5
A16: 0009 | B16: ='AddAlt 3'!B28 -> Reflective Media (Item P-620) | C16: ='AddAlt 3'!C28 -> 23 | D16: ='AddAlt 3'!D28 -> LB | E16: 2.23 | F16: =QTY*E16 -> 51.29 | G16: 5 | H16: =QTY*G16 -> 115 | I16: 10 | J16: =QTY*I16 -> 230
A17: 0010 | B17: ='AddAlt 3'!B29 -> Cable Retrievers (Section 111100) | C17: ='AddAlt 3'!C29 -> 8 | D17: ='AddAlt 3'!D29 -> Each | E17: 5133.93 | F17: =QTY*E17 -> 41071.44 | G17: 7500 | H17: =QTY*G17 -> 60000 | I17: 6462 | J17: =QTY*I17 -> 51696
A18: 0011 | B18: ='AddAlt 3'!B30 -> Precast Concrete Wheel Stop (Section 347115) | C18: ='AddAlt 3'!C30 -> 8 | D18: ='AddAlt 3'!D30 -> Each | E18: 267.07 | F18: =QTY*E18 -> 2136.56 | G18: 200 | H18: =QTY*G18 -> 1600 | I18: 400 | J18: =QTY*I18 -> 3200
A19: 0012 | B19: ='AddAlt 3'!B31 -> Guard Rail (Section 347115) | C19: ='AddAlt 3'!C31 -> 98 | D19: ='AddAlt 3'!D31 -> LF | E19: 688.7 | F19: =QTY*E19 -> 67492.6 | G19: 185 | H19: =QTY*G19 -> 18130 | I19: 625 | J19: =QTY*I19 -> 61250
A20: 0013 | B20: ='AddAlt 3'!B32 -> Electrical Feeds to Enclosed Circuit Breakers (2.5" Conduit) (Section 260500) | C20: ='AddAlt 3'!C32 -> 80 | D20: ='AddAlt 3'!D32 -> LF | E20: 56.43 | F20: =QTY*E20 -> 4514.4 | G20: 60 | H20: =QTY*G20 -> 4800 | I20: 100 | J20: =QTY*I20 -> 8000
A21: 0014 | B21: ='AddAlt 3'!B33 -> Electrical Feeds to Enclosed Circuit Breakers (3/4" Conduit) (Section 260500) | C21: ='AddAlt 3'!C33 -> 80 | D21: ='AddAlt 3'!D33 -> LF | E21: 19.27 | F21: =QTY*E21 -> 1541.6 | G21: 20 | H21: =QTY*G21 -> 1600 | I21: 100 | J21: =QTY*I21 -> 8000
A22: 0015 | B22: ='AddAlt 3'!B34 -> Electrical Equipment Rack - Panel Connected (Section 260500) | C22: ='AddAlt 3'!C34 -> 1 | D22: ='AddAlt 3'!D34 -> Each | E22: 10352.32 | F22: =QTY*E22 -> 10352.32 | G22: 15000 | H22: =QTY*G22 -> 15000 | I22: 30519 | J22: =QTY*I22 -> 30519
... A27: 0020 | B27: ='AddAlt 3'!B39 -> Data Drop to Each Enclosure and Chargers (Section 271000) | C27: ='AddAlt 3'!C39 -> 4 | D27: ='AddAlt 3'!D39 -> Each | E27: 3049.65 | F27: =QTY*E27 -> 12198.6 | G27: 5000 | H27: =QTY*G27 -> 20000 | I27: 6738 | J27: =QTY*I27 -> 26952
B28: Total Amount Additive Alternate 3 | F28: =SUM($F8:$F27) -> 841079.71 | H28: =SUM($H8:$H27) -> 411573 | J28: =SUM($J8:$J27) -> 966358.25

Sheet Alternate 4 Tab
A1: =ProjectLocation -> PORTLAND INTERNATIONAL AIRPORT | E1: Fortis Construction, Inc. | G1: Northeast Electric, LLC | I1: Engineer's Estimate
A2: =ProjectTitle -> EGSE INFRASTRUCTURE INSTALLATION - PHASE 2
A3: =ProjectTitle2 -> 0
A4: EAN 2023D003
A5: Solicitation No. 2024-10481
A6: =TODAY() -> 45377
A7: Item No. | B7: Item Description | C7: Estimated Quantity | D7: Units | E7: Unit Price | F7: Total Price | G7: Unit Price | H7: Total Price | I7: Unit Price | J7: Total Price
A8: 0001 | B8: ='AddAlt 4'!B20 -> Sweeper (Section 012200) | C8: ='AddAlt 4'!C20 -> 1 | D8: ='AddAlt 4'!D20 -> LS | E8: 25000 | F8: =QTY*E8 -> 25000 | G8: 3000 | H8: =QTY*G8 -> 3000 | I8: 7500 | J8: =QTY*I8 -> 7500
A9: 0002 | B9: ='AddAlt 4'!B21 -> Escort (Section 012200) | C9: ='AddAlt 4'!C21 -> 1 | D9: ='AddAlt 4'!D21 -> LS | E9: 25000 | F9: =QTY*E9 -> 25000 | G9: 10000 | H9: =QTY*G9 -> 10000 | I9: 5000 | J9: =QTY*I9 -> 5000
A10: 0003 | B10: ='AddAlt 4'!B22 -> Mobilization (Item C-105) | C10: ='AddAlt 4'!C22 -> 1 | D10: ='AddAlt 4'!D22 -> LS | E10: 86276.4 | F10: =QTY*E10 -> 86276.4 | G10: 20000 | H10: =QTY*G10 -> 20000 | I10: =0.1*(J8+J9+SUM(J11:J29)) -> 70937.05 | J10: =QTY*I10 -> 70937.05
A11: 0004 | B11: ='AddAlt 4'!B23 -> Asphalt Pavement Removal (Item P-101) | C11: ='AddAlt 4'!C23 -> 21 | D11: ='AddAlt 4'!D23 -> SY | E11: 200 | F11: =QTY*E11 -> 4200 | G11: 280 | H11: =QTY*G11 -> 5880 | I11: 50 | J11: =QTY*I11 -> 1050
A12: 0005 | B12: ='AddAlt 4'!B24 -> Concrete (Item P-610) | C12: ='AddAlt 4'!C24 -> 21 | D12: ='AddAlt 4'!D24 -> SY | E12: 1750 | F12: =QTY*E12 -> 36750 | G12: 350 | H12: =QTY*G12 -> 7350 | I12: 67 | J12: =QTY*I12 -> 1407
A13: 0006 | B13: ='AddAlt 4'!B25 -> Surface Prep - Existing Pavement (Item P-620) | C13: ='AddAlt 4'!C25 -> 259 | D13: ='AddAlt 4'!D25 -> SF | E13: 0.89 | F13: =QTY*E13 -> 230.51 | G13: 1 | H13: =QTY*G13 -> 259 | I13: 5 | J13: =QTY*I13 -> 1295
A14: 0007 | B14: ='AddAlt 4'!B26 -> Markings (Item P-620) | C14: ='AddAlt 4'!C26 -> 259 | D14: ='AddAlt 4'!D26 -> SF | E14: 3.9 | F14: =QTY*E14 -> 1010.1 | G14: 5 | H14: =QTY*G14 -> 1295 | I14: 12.5 | J14: =QTY*I14 -> 3237.5
A15: 0008 | B15: ='AddAlt 4'!B27 -> Reflective Media (Item P-620) | C15: ='AddAlt 4'!C27 -> 17 | D15: ='AddAlt 4'!D27 -> LB | E15: 2.23 | F15: =QTY*E15 -> 37.91 | G15: 5 | H15: =QTY*G15 -> 85 | I15: 10 | J15: =QTY*I15 -> 170
A16: 0009 | B16: ='AddAlt 4'!B28 -> Cable Retrievers (Section 111100) | C16: ='AddAlt 4'!C28 -> 6 | D16: ='AddAlt 4'!D28 -> Each | E16: 5133.93 | F16: =QTY*E16 -> 30803.58 | G16: 7500 | H16: =QTY*G16 -> 45000 | I16: 6462 | J16: =QTY*I16 -> 38772
A17: 0010 | B17: ='AddAlt 4'!B29 -> Precast Concrete Wheel Stop (Section 347115) | C17: ='AddAlt 4'!C29 -> 5 | D17: ='AddAlt 4'!D29 -> Each | E17: 267.07 | F17: =QTY*E17 -> 1335.35 | G17: 200 | H17: =QTY*G17 -> 1000 | I17: 400 | J17: =QTY*I17 -> 2000
A18: 0011 | B18: ='AddAlt 4'!B30 -> Bollard - Bolt Down (Section 347115) | C18: ='AddAlt 4'!C30 -> 2 | D18: ='AddAlt 4'!D30 -> Each | E18: 5856.49 | F18: =QTY*E18 -> 11712.98 | G18: 900 | H18: =QTY*G18 -> 1800 | I18: 1700 | J18: =QTY*I18 -> 3400
A19: 0012 | B19: ='AddAlt 4'!B31 -> Guard Rail (Section 347115) | C19: ='AddAlt 4'!C31 -> 82 | D19: ='AddAlt 4'!D31 -> LF | E19: 688.7 | F19: =QTY*E19 -> 56473.4 | G19: 185 | H19: =QTY*G19 -> 15170 | I19: 625 | J19: =QTY*I19 -> 51250
A20: 0013 | B20: ='AddAlt 4'!B32 -> Electrical Feeds to Enclosed Circuit Breakers (2.5" Conduit) (Section 260500) | C20: ='AddAlt 4'!C32 -> 50 | D20: ='AddAlt 4'!D32 -> LF | E20: 56.43 | F20: =QTY*E20 -> 2821.5 | G20: 60 | H20: =QTY*G20 -> 3000 | I20: 100 | J20: =QTY*I20 -> 5000
A21: 0014 | B21: ='AddAlt 4'!B33 -> Electrical Feeds to Enclosed Circuit Breakers (3/4" Conduit) (Section 260500) | C21: ='AddAlt 4'!C33 -> 50 | D21: ='AddAlt 4'!D33 -> LF | E21: 19.27 | F21: =QTY*E21 -> 963.5 | G21: 20 | H21: =QTY*G21 -> 1000 | I21: 100 | J21: =QTY*I21 -> 5000
A22: 0015 | B22: ='AddAlt 4'!B34 -> Electrical Feeds to Panels (Existing 3.5" Conduit) (Section 260500) | C22: ='AddAlt 4'!C34 -> 70 | D22: ='AddAlt 4'!D34 -> LF | E22: 20 | F22: =QTY*E22 -> 1400 | G22: 35 | H22: =QTY*G22 -> 2450 | I22: 72 | J22: =QTY*I22 -> 5040
... A29: 0022 | B29: ='AddAlt 4'!B41 -> Data Drop to Each Enclosure and Chargers (Section 271000) | C29: ='AddAlt 4'!C41 -> 3 | D29: ='AddAlt 4'!D41 -> Each | E29: 3049.65 | F29: =QTY*E29 -> 9148.95 | G29: 6000 | H29: =QTY*G29 -> 18000 | I29: 6738 | J29: =QTY*I29 -> 20214
B30: Total Amount Additive Alternate 4 | F30: =SUM($F8:$F29) -> 518802.99 | H30: =SUM($H8:$H29) -> 382289 | J30: =SUM($J8:$J29) -> 780307.55

Sheet Summary
A1: =ProjectLocation -> PORTLAND INTERNATIONAL AIRPORT
A2: EGSE INFRASTRUCTURE INSTALLATION
A3: PHASE 2
A4: EAN 2023D003
A5: Solicitation No. 2024-10481
A6: =TODAY() -> 45377
A7: Bidder | B7: Total Amount Base Bid | C7: Total Amount Add. Alt. 1 | D7: Total Amount Add. Alt. 2 | E7: Total Amount Add. Alt. 3 | F7: Total Amount Add. Alt. 4
A8: Fortis Construction, Inc. | B8: $6,387,362.33* | C8: $2,405,600.23* | D8: $2,840,799.44* | E8: $841,079.71* | F8: $518,802.99*
A9: Northeast Electric, LLC | B9: 7573242 | C9: 2275969 | D9: 2580308 | E9: 411573 | F9: 382289
A10: =EngineerEstimate -> Engineer's Estimate | B10: 14797443 | C10: 4682259.5 | D10: 5771816.6 | E10: 966358.25 | F10: 780307.55
A11: *Corrected Bid Total
A13: *Non-responsive to the small business requirements of this solicitation
