Workbook
Name Contractor1: 'Bid Tab A (RW 3-21)'!$E$1
Name Contractor1: 'Bid Tab B (RSA)'!$E$1
Name Contractor2: 'Bid Tab A (RW 3-21)'!$G$1
Name Contractor2: 'Bid Tab B (RSA)'!$G$1
Name Contractor3: 'Bid Tab A (RW 3-21)'!$I$1
Name Contractor3: 'Bid Tab B (RSA)'!$I$1
Name Contractor4: 'Bid Tab A (RW 3-21)'!$K$1
Name Contractor4: 'Bid Tab B (RSA)'!$K$1
Name Contractor5: 'Bid Tab A (RW 3-21)'!$M$1
Name Contractor5: 'Bid Tab B (RSA)'!$M$1
Name Contractor6: 'Bid Tab A (RW 3-21)'!#REF!
Name Contractor6: 'Bid Tab B (RSA)'!#REF!
Name Contractor7: 'Bid Tab A (RW 3-21)'!#REF!
Name Contractor7: 'Bid Tab B (RSA)'!#REF!
Name Contractor8: 'Bid Tab A (RW 3-21)'!#REF!
Name Contractor8: 'Bid Tab B (RSA)'!#REF!
Name EngineerEstimate: 'Bid Tab A (RW 3-21)'!$O$1
Name EngineerEstimate: 'Bid Tab B (RSA)'!$O$1

Sheet Bid Item List A (RW 3-21)
A1: Acre
A2: CY
A3: Each
A4: FT
A5: Gal
A6: Hour
A7: LB
A8: LF
A9: LS
A10: Mile
A11: SF
A12: SY
... A17: PAVEMENT IMPROVEMENTS
A19: Item No. | B19: Item Description | C19: Estimated Quantity | D19: Units | E19: Unit Price | F19: Total Price
A20: 0001 | B20: Mobilization, Cleanup, and Demobilization (Section 012200) | C20: 1 | D20: LS
A21: 0002 | B21: Sweeper (Section 012200) | C21: 1 | D21: LS
A22: 0003 | B22: Security Control Monitoring (Section 012200) | C22: 1 | D22: LS
A23: 0004 | B23: Work Zone and Traffic Control (Section 012200) | C23: 1 | D23: LS
A24: 0005 | B24: Escort (Section 012200) | C24: 1 | D24: LS
A25: 0006 | B25: Construction Access (Section 015713) | C25: 2 | D25: Each
A26: 0007 | B26: Inlet Protection (Section 015713) | C26: 86 | D26: Each
A27: 0008 | B27: Construction Survey (Item GP-50) | C27: 1 | D27: LS
A28: 0009 | B28: Joint and Crack Repair (Item P-101) | C28: 1000 | D28: LF
A29: 0010 | B29: Cold Milling - 2-Inch Maximum Depth (Item P-101) | C29: 58100 | D29: SY
A30: 0011 | B30: Cold Milling - 4.5-Inch Maximum Depth (Item P-101) | C30: 30400 | D30: SY
A31: 0012 | B31: Silt Fence (Item P-156) | C31: 4200 | D31: LF
... A65: 0046 | B65: Sign G-3 (Section 344302) | C65: 1 | D65: LS
B66: Total Amount Bid Schedule A | F66: $___________

Sheet Bid Item List B (RSA)
A1: Acre
A2: CY
A3: Each
A4: FT
A5: Gal
A6: Hour
A7: LB
A8: LF
A9: LS
A10: Mile
A11: SF
A12: SY
... A17: PAVEMENT IMPROVEMENTS
A19: Item No. | B19: Item Description | C19: Estimated Quantity | D19: Units | E19: Unit Price | F19: Total Price
A20: 0001 | B20: Mobilization, Cleanup, and Demobilization (Section 012200) | C20: 1 | D20: LS
A21: 0002 | B21: Sweeper (Section 012200) | C21: 1 | D21: LS
A22: 0003 | B22: Security Control Monitoring (Section 012200) | C22: 1 | D22: LS
A23: 0004 | B23: Work Zone and Traffic Control (Section 012200) | C23: 1 | D23: LS
A24: 0005 | B24: Escort (Section 012200) | C24: 1 | D24: LS
A25: 0006 | B25: Delineators (Section 012200) | C25: 5 | D25: Each
A26: 0007 | B26: Inlet Protection (Section 015713) | C26: 15 | D26: Each
A27: 0008 | B27: Jet Blast Control Material (Section 015713) | C27: 0.2 | D27: Acre
A28: 0009 | B28: Construction Survey (Item GP-50) | C28: 1 | D28: LS
A29: 0010 | B29: Asphalt Pavement Removal - 3-Inch Depth (Item P-101) | C29: 100 | D29: SY
A30: 0011 | B30: Asphalt Pavement Removal - 8-Inch Depth (Item P-101) | C30: 1700 | D30: SY
A31: 0012 | B31: Cold Milling - 2-Inch Maximum Depth (Item P-101) | C31: 550 | D31: SY
... A68: 0049 | B68: Ground Rod for Counterpoise (Item L-108) | C68: 8 | D68: Each
B69: Total Amount Bid Schedule B | F69: $___________
B70: Total Amount Bid Schedules A and B (Basis of Award) | F70: $___________

Sheet Bid Tab A (RW 3-21)
A1: ='Bid Item List B (RSA)'!$A$15 -> PORTLAND INTERNATIONAL AIRPORT | E1: Goodfellow Bros., Inc. | G1: K&E Excavating, Inc. | I1: Kerr Contractors Oregon, Inc. | K1: Kodiak Pacific Construction | M1: Nutter Corporation | O1: Engineer's Estimate
A2: ='Bid Item List B (RSA)'!$A$16 -> RUNWAY 3-21 STORMWATER INFRASTRUCTURE AND
A3: ='Bid Item List B (RSA)'!$A$17 -> PAVEMENT IMPROVEMENTS
A4: EAN 2015D142
A5: Solicitation No. 2017-6981
A6: =TODAY() -> 42880
A7: Item No. | B7: Item Description | C7: Estimated Quantity | D7: Units | E7: Unit Price | F7: Total Price | G7: Unit Price | H7: Total Price | I7: Unit Price | J7: Total Price | K7: Unit Price | L7: Total Price | M7: Unit Price | N7: Total Price | O7: Unit Price | P7: Total Price
A8: ='Bid Item List A (RW 3-21)'!A20 -> 0001 | B8: ='Bid Item List A (RW 3-21)'!B20 -> Mobilization, Cleanup, and Demobilization (Section 012200) | C8: ='Bid Item List A (RW 3-21)'!C20 -> 1 | D8: ='Bid Item List A (RW 3-21)'!D20 -> LS | E8: 418000 | F8: =C8*E8 -> 418000 | G8: 330000 | H8: =C8*G8 -> 330000 | I8: 321500 | J8: =C8*I8 -> 321500 | K8: 653525.5 | L8: =C8*K8 -> 653525.5 | M8: 397000 | N8: =C8*M8 -> 397000 | O8: 386000 | P8: =C8*O8 -> 386000
A9: ='Bid Item List A (RW 3-21)'!A21 -> 0002 | B9: ='Bid Item List A (RW 3-21)'!B21 -> Sweeper (Section 012200) | C9: ='Bid Item List A (RW 3-21)'!C21 -> 1 | D9: ='Bid Item List A (RW 3-21)'!D21 -> LS | E9: 48000 | F9: =C9*E9 -> 48000 | G9: 60000 | H9: =C9*G9 -> 60000 | I9: 60000 | J9: =C9*I9 -> 60000 | K9: 83000 | L9: =C9*K9 -> 83000 | M9: 90000 | N9: =C9*M9 -> 90000 | O9: 120000 | P9: =C9*O9 -> 120000
A10: ='Bid Item List A (RW 3-21)'!A22 -> 0003 | B10: ='Bid Item List A (RW 3-21)'!B22 -> Security Control Monitoring (Section 012200) | C10: ='Bid Item List A (RW 3-21)'!C22 -> 1 | D10: ='Bid Item List A (RW 3-21)'!D22 -> LS | E10: 45000 | F10: =C10*E10 -> 45000 | G10: 5000 | H10: =C10*G10 -> 5000 | I10: 22200 | J10: =C10*I10 -> 22200 | K10: 10000 | L10: =C10*K10 -> 10000 | M10: 50000 | N10: =C10*M10 -> 50000 | O10: 36000 | P10: =C10*O10 -> 36000
A11: ='Bid Item List A (RW 3-21)'!A23 -> 0004 | B11: ='Bid Item List A (RW 3-21)'!B23 -> Work Zone and Traffic Control (Section 012200) | C11: ='Bid Item List A (RW 3-21)'!C23 -> 1 | D11: ='Bid Item List A (RW 3-21)'!D23 -> LS | E11: 65000 | F11: =C11*E11 -> 65000 | G11: 20000 | H11: =C11*G11 -> 20000 | I11: 57500 | J11: =C11*I11 -> 57500 | K11: 57000 | L11: =C11*K11 -> 57000 | M11: 65000 | N11: =C11*M11 -> 65000 | O11: 60000 | P11: =C11*O11 -> 60000
A12: ='Bid Item List A (RW 3-21)'!A24 -> 0005 | B12: ='Bid Item List A (RW 3-21)'!B24 -> Escort (Section 012200) | C12: ='Bid Item List A (RW 3-21)'!C24 -> 1 | D12: ='Bid Item List A (RW 3-21)'!D24 -> LS | E12: 25000 | F12: =C12*E12 -> 25000 | G12: 65000 | H12: =C12*G12 -> 65000 | I12: 41950 | J12: =C12*I12 -> 41950 | K12: 108000 | L12: =C12*K12 -> 108000 | M12: 100000 | N12: =C12*M12 -> 100000 | O12: 105000 | P12: =C12*O12 -> 105000
A13: ='Bid Item List A (RW 3-21)'!A25 -> 0006 | B13: ='Bid Item List A (RW 3-21)'!B25 -> Construction Access (Section 015713) | C13: ='Bid Item List A (RW 3-21)'!C25 -> 2 | D13: ='Bid Item List A (RW 3-21)'!D25 -> Each | E13: 12000 | F13: =C13*E13 -> 24000 | G13: 3000 | H13: =C13*G13 -> 6000 | I13: 1800 | J13: =C13*I13 -> 3600 | K13: 1400 | L13: =C13*K13 -> 2800 | M13: 4000 | N13: =C13*M13 -> 8000 | O13: 3500 | P13: =C13*O13 -> 7000
A14: ='Bid Item List A (RW 3-21)'!A26 -> 0007 | B14: ='Bid Item List A (RW 3-21)'!B26 -> Inlet Protection (Section 015713) | C14: ='Bid Item List A (RW 3-21)'!C26 -> 86 | D14: ='Bid Item List A (RW 3-21)'!D26 -> Each | E14: 120 | F14: =C14*E14 -> 10320 | G14: 85 | H14: =C14*G14 -> 7310 | I14: 60 | J14: =C14*I14 -> 5160 | K14: 55 | L14: =C14*K14 -> 4730 | M14: 80 | N14: =C14*M14 -> 6880 | O14: 85 | P14: =C14*O14 -> 7310
A15: ='Bid Item List A (RW 3-21)'!A27 -> 0008 | B15: ='Bid Item List A (RW 3-21)'!B27 -> Construction Survey (Item GP-50) | C15: ='Bid Item List A (RW 3-21)'!C27 -> 1 | D15: ='Bid Item List A (RW 3-21)'!D27 -> LS | E15: 92000 | F15: =C15*E15 -> 92000 | G15: 42000 | H15: =C15*G15 -> 42000 | I15: 30000 | J15: =C15*I15 -> 30000 | K15: 94000 | L15: =C15*K15 -> 94000 | M15: 100000 | N15: =C15*M15 -> 100000 | O15: 105000 | P15: =C15*O15 -> 105000
A16: ='Bid Item List A (RW 3-21)'!A28 -> 0009 | B16: ='Bid Item List A (RW 3-21)'!B28 -> Joint and Crack Repair (Item P-101) | C16: ='Bid Item List A (RW 3-21)'!C28 -> 1000 | D16: ='Bid Item List A (RW 3-21)'!D28 -> LF | E16: 17 | F16: =C16*E16 -> 17000 | G16: 5 | H16: =C16*G16 -> 5000 | I16: 1.45 | J16: =C16*I16 -> 1450 | K16: 4 | L16: =C16*K16 -> 4000 | M16: 4 | N16: =C16*M16 -> 4000 | O16: 5 | P16: =C16*O16 -> 5000
A17: ='Bid Item List A (RW 3-21)'!A29 -> 0010 | B17: ='Bid Item List A (RW 3-21)'!B29 -> Cold Milling - 2-Inch Maximum Depth (Item P-101) | C17: ='Bid Item List A (RW 3-21)'!C29 -> 58100 | D17: ='Bid Item List A (RW 3-21)'!D29 -> SY | E17: 3.75 | F17: =C17*E17 -> 217875 | G17: 2 | H17: =C17*G17 -> 116200 | I17: 1.4 | J17: =C17*I17 -> 81340 | K17: 1.5 | L17: =C17*K17 -> 87150 | M17: 3 | N17: =C17*M17 -> 174300 | O17: 4.5 | P17: =C17*O17 -> 261450
A18: ='Bid Item List A (RW 3-21)'!A30 -> 0011 | B18: ='Bid Item List A (RW 3-21)'!B30 -> Cold Milling - 4.5-Inch Maximum Depth (Item P-101) | C18: ='Bid Item List A (RW 3-21)'!C30 -> 30400 | D18: ='Bid Item List A (RW 3-21)'!D30 -> SY | E18: 5 | F18: =C18*E18 -> 152000 | G18: 3 | H18: =C18*G18 -> 91200 | I18: 3.5 | J18: =C18*I18 -> 106400 | K18: 2.3 | L18: =C18*K18 -> 69920 | M18: 4 | N18: =C18*M18 -> 121600 | O18: 6 | P18: =C18*O18 -> 182400
A19: ='Bid Item List A (RW 3-21)'!A31 -> 0012 | B19: ='Bid Item List A (RW 3-21)'!B31 -> Silt Fence (Item P-156) | C19: ='Bid Item List A (RW 3-21)'!C31 -> 4200 | D19: ='Bid Item List A (RW 3-21)'!D31 -> LF | E19: 3.75 | F19: =C19*E19 -> 15750 | G19: 2.5 | H19: =C19*G19 -> 10500 | I19: 1.75 | J19: =C19*I19 -> 7350 | K19: 1.75 | L19: =C19*K19 -> 7350 | M19: 3 | N19: =C19*M19 -> 12600 | O19: 2 | P19: =C19*O19 -> 8400
... A53: ='Bid Item List A (RW 3-21)'!A65 -> 0046 | B53: ='Bid Item List A (RW 3-21)'!B65 -> Sign G-3 (Section 344302) | C53: ='Bid Item List A (RW 3-21)'!C65 -> 1 | D53: ='Bid Item List A (RW 3-21)'!D65 -> LS | E53: 6150 | F53: =C53*E53 -> 6150 | G53: 5300 | H53: =C53*G53 -> 5300 | I53: 6147 | J53: =C53*I53 -> 6147 | K53: 5000 | L53: =C53*K53 -> 5000 | M53: 6500 | N53: =C53*M53 -> 6500 | O53: 5280 | P53: =C53*O53 -> 5280
B54: Total Amount Bid Schedule A | F54: =SUM(F8:F53) -> 3983331 | H54: =SUM(H8:H53) -> 3334545 | J54: =SUM(J8:J53) -> 3952661.5 | L54: =SUM(L8:L53) -> 3653500 | N54: =SUM(N8:N53) -> 4422280 | P54: =SUM(P8:P53) -> 4250844

Sheet Bid Tab B (RSA)
A1: ='Bid Item List B (RSA)'!$A$15 -> PORTLAND INTERNATIONAL AIRPORT | E1: ='Bid Tab A (RW 3-21)'!Contractor1 -> Goodfellow Bros., Inc. | G1: ='Bid Tab A (RW 3-21)'!Contractor2 -> K&E Excavating, Inc. | I1: ='Bid Tab A (RW 3-21)'!Contractor3 -> Kerr Contractors Oregon, Inc. | K1: ='Bid Tab A (RW 3-21)'!Contractor4 -> Kodiak Pacific Construction | M1: ='Bid Tab A (RW 3-21)'!Contractor5 -> Nutter Corporation | O1: ='Bid Tab A (RW 3-21)'!EngineerEstimate -> Engineer's Estimate
A2: ='Bid Item List B (RSA)'!$A$16 -> RUNWAY 3-21 STORMWATER INFRASTRUCTURE AND
A3: ='Bid Item List B (RSA)'!$A$17 -> PAVEMENT IMPROVEMENTS
A4: ='Bid Tab A (RW 3-21)'!A4:D4 -> EAN 2015D142
A5: ='Bid Tab A (RW 3-21)'!A5:D5 -> Solicitation No. 2017-6981
A6: =TODAY() -> 42880
A7: Item No. | B7: Item Description | C7: Estimated Quantity | D7: Units | E7: Unit Price | F7: Total Price | G7: Unit Price | H7: Total Price | I7: Unit Price | J7: Total Price | K7: Unit Price | L7: Total Price | M7: Unit Price | N7: Total Price | O7: Unit Price | P7: Total Price
A8: ='Bid Item List B (RSA)'!A20 -> 0001 | B8: ='Bid Item List B (RSA)'!B20 -> Mobilization, Cleanup, and Demobilization (Section 012200) | C8: ='Bid Item List B (RSA)'!C20 -> 1 | D8: ='Bid Item List B (RSA)'!D20 -> LS | E8: 350000 | F8: =C8*E8 -> 350000 | G8: 300000 | H8: =C8*G8 -> 300000 | I8: 426000 | J8: =C8*I8 -> 426000 | K8: 238596.5 | L8: =C8*K8 -> 238596.5 | M8: 300000 | N8: =C8*M8 -> 300000 | O8: 283000 | P8: =C8*O8 -> 283000
A9: ='Bid Item List B (RSA)'!A21 -> 0002 | B9: ='Bid Item List B (RSA)'!B21 -> Sweeper (Section 012200) | C9: ='Bid Item List B (RSA)'!C21 -> 1 | D9: ='Bid Item List B (RSA)'!D21 -> LS | E9: 22000 | F9: =C9*E9 -> 22000 | G9: 30000 | H9: =C9*G9 -> 30000 | I9: 75000 | J9: =C9*I9 -> 75000 | K9: 136000 | L9: =C9*K9 -> 136000 | M9: 50000 | N9: =C9*M9 -> 50000 | O9: 80000 | P9: =C9*O9 -> 80000
A10: ='Bid Item List B (RSA)'!A22 -> 0003 | B10: ='Bid Item List B (RSA)'!B22 -> Security Control Monitoring (Section 012200) | C10: ='Bid Item List B (RSA)'!C22 -> 1 | D10: ='Bid Item List B (RSA)'!D22 -> LS | E10: 14500 | F10: =C10*E10 -> 14500 | G10: 5000 | H10: =C10*G10 -> 5000 | I10: 27730 | J10: =C10*I10 -> 27730 | K10: 9900 | L10: =C10*K10 -> 9900 | M10: 26000 | N10: =C10*M10 -> 26000 | O10: 24000 | P10: =C10*O10 -> 24000
A11: ='Bid Item List B (RSA)'!A23 -> 0004 | B11: ='Bid Item List B (RSA)'!B23 -> Work Zone and Traffic Control (Section 012200) | C11: ='Bid Item List B (RSA)'!C23 -> 1 | D11: ='Bid Item List B (RSA)'!D23 -> LS | E11: 42000 | F11: =C11*E11 -> 42000 | G11: 10000 | H11: =C11*G11 -> 10000 | I11: 7500 | J11: =C11*I11 -> 7500 | K11: 12000 | L11: =C11*K11 -> 12000 | M11: 25000 | N11: =C11*M11 -> 25000 | O11: 40000 | P11: =C11*O11 -> 40000
A12: ='Bid Item List B (RSA)'!A24 -> 0005 | B12: ='Bid Item List B (RSA)'!B24 -> Escort (Section 012200) | C12: ='Bid Item List B (RSA)'!C24 -> 1 | D12: ='Bid Item List B (RSA)'!D24 -> LS | E12: 14000 | F12: =C12*E12 -> 14000 | G12: 35000 | H12: =C12*G12 -> 35000 | I12: 27960 | J12: =C12*I12 -> 27960 | K12: 108000 | L12: =C12*K12 -> 108000 | M12: 56000 | N12: =C12*M12 -> 56000 | O12: 70000 | P12: =C12*O12 -> 70000
A13: ='Bid Item List B (RSA)'!A25 -> 0006 | B13: ='Bid Item List B (RSA)'!B25 -> Delineators (Section 012200) | C13: ='Bid Item List B (RSA)'!C25 -> 5 | D13: ='Bid Item List B (RSA)'!D25 -> Each | E13: 500 | F13: =C13*E13 -> 2500 | G13: 50 | H13: =C13*G13 -> 250 | I13: 200 | J13: =C13*I13 -> 1000 | K13: 252 | L13: =C13*K13 -> 1260 | M13: 200 | N13: =C13*M13 -> 1000 | O13: 50 | P13: =C13*O13 -> 250
A14: ='Bid Item List B (RSA)'!A26 -> 0007 | B14: ='Bid Item List B (RSA)'!B26 -> Inlet Protection (Section 015713) | C14: ='Bid Item List B (RSA)'!C26 -> 15 | D14: ='Bid Item List B (RSA)'!D26 -> Each | E14: 127 | F14: =C14*E14 -> 1905 | G14: 85 | H14: =C14*G14 -> 1275 | I14: 60 | J14: =C14*I14 -> 900 | K14: 55 | L14: =C14*K14 -> 825 | M14: 80 | N14: =C14*M14 -> 1200 | O14: 85 | P14: =C14*O14 -> 1275
A15: ='Bid Item List B (RSA)'!A27 -> 0008 | B15: ='Bid Item List B (RSA)'!B27 -> Jet Blast Control Material (Section 015713) | C15: ='Bid Item List B (RSA)'!C27 -> 0.2 | D15: ='Bid Item List B (RSA)'!D27 -> Acre | E15: 5000 | F15: =C15*E15 -> 1000 | G15: 4000 | H15: =C15*G15 -> 800 | I15: 3750 | J15: =C15*I15 -> 750 | K15: 3750 | L15: =C15*K15 -> 750 | M15: 5500 | N15: =C15*M15 -> 1100 | O15: 5000 | P15: =C15*O15 -> 1000
A16: ='Bid Item List B (RSA)'!A28 -> 0009 | B16: ='Bid Item List B (RSA)'!B28 -> Construction Survey (Item GP-50) | C16: ='Bid Item List B (RSA)'!C28 -> 1 | D16: ='Bid Item List B (RSA)'!D28 -> LS | E16: 27000 | F16: =C16*E16 -> 27000 | G16: 24000 | H16: =C16*G16 -> 24000 | I16: 20000 | J16: =C16*I16 -> 20000 | K16: 25000 | L16: =C16*K16 -> 25000 | M16: 35000 | N16: =C16*M16 -> 35000 | O16: 70000 | P16: =C16*O16 -> 70000
A17: ='Bid Item List B (RSA)'!A29 -> 0010 | B17: ='Bid Item List B (RSA)'!B29 -> Asphalt Pavement Removal - 3-Inch Depth (Item P-101) | C17: ='Bid Item List B (RSA)'!C29 -> 100 | D17: ='Bid Item List B (RSA)'!D29 -> SY | E17: 100 | F17: =C17*E17 -> 10000 | G17: 10 | H17: =C17*G17 -> 1000 | I17: 4 | J17: =C17*I17 -> 400 | K17: 9 | L17: =C17*K17 -> 900 | M17: 35 | N17: =C17*M17 -> 3500 | O17: 5 | P17: =C17*O17 -> 500
A18: ='Bid Item List B (RSA)'!A30 -> 0011 | B18: ='Bid Item List B (RSA)'!B30 -> Asphalt Pavement Removal - 8-Inch Depth (Item P-101) | C18: ='Bid Item List B (RSA)'!C30 -> 1700 | D18: ='Bid Item List B (RSA)'!D30 -> SY | E18: 15 | F18: =C18*E18 -> 25500 | G18: 6 | H18: =C18*G18 -> 10200 | I18: 6 | J18: =C18*I18 -> 10200 | K18: 1.55 | L18: =C18*K18 -> 2635 | M18: 9 | N18: =C18*M18 -> 15300 | O18: 6 | P18: =C18*O18 -> 10200
A19: ='Bid Item List B (RSA)'!A31 -> 0012 | B19: ='Bid Item List B (RSA)'!B31 -> Cold Milling - 2-Inch Maximum Depth (Item P-101) | C19: ='Bid Item List B (RSA)'!C31 -> 550 | D19: ='Bid Item List B (RSA)'!D31 -> SY | E19: 20 | F19: =C19*E19 -> 11000 | G19: 4 | H19: =C19*G19 -> 2200 | I19: 9 | J19: =C19*I19 -> 4950 | K19: 7 | L19: =C19*K19 -> 3850 | M19: 9 | N19: =C19*M19 -> 4950 | O19: 6 | P19: =C19*O19 -> 3300
... A56: ='Bid Item List B (RSA)'!A68 -> 0049 | B56: ='Bid Item List B (RSA)'!B68 -> Ground Rod for Counterpoise (Item L-108) | C56: ='Bid Item List B (RSA)'!C68 -> 8 | D56: ='Bid Item List B (RSA)'!D68 -> Each | E56: 125 | F56: =C56*E56 -> 1000 | G56: 168 | H56: =C56*G56 -> 1344 | I56: 110.5 | J56: =C56*I56 -> 884 | K56: 160 | L56: =C56*K56 -> 1280 | M56: 115 | N56: =C56*M56 -> 920 | O56: 220 | P56: =C56*O56 -> 1760
B57: Total Amount Bid Schedule B | F57: =SUM(F8:F56) -> 3896261 | H57: =SUM(H8:H56) -> 3401006 | J57: =SUM(J8:J56) -> 4264424.8 | L57: =SUM(L8:L56) -> 3040193 | N57: =SUM(N8:N56) -> 3415241.2 | P57: =SUM(P8:P56) -> 3037931.5
B58: Total Amount Bid Schedules A and B (Basis of Award) | F58: ='Bid Tab A (RW 3-21)'!F54+'Bid Tab B (RSA)'!F57 -> 7879592 | H58: ='Bid Tab A (RW 3-21)'!H54+'Bid Tab B (RSA)'!H57 -> 6735551 | J58: ='Bid Tab A (RW 3-21)'!J54+'Bid Tab B (RSA)'!J57 -> 8217086.2 | L58: ='Bid Tab A (RW 3-21)'!L54+'Bid Tab B (RSA)'!L57 -> 6693693 | N58: ='Bid Tab A (RW 3-21)'!N54+'Bid Tab B (RSA)'!N57 -> 7837521.2 | P58: ='Bid Tab A (RW 3-21)'!P54+'Bid Tab B (RSA)'!P57 -> 7288775.5

Sheet Summary
A1: ='Bid Item List B (RSA)'!$A$15 -> PORTLAND INTERNATIONAL AIRPORT
A2: ='Bid Item List B (RSA)'!$A$16 -> RUNWAY 3-21 STORMWATER INFRASTRUCTURE AND
A3: ='Bid Item List B (RSA)'!$A$17 -> PAVEMENT IMPROVEMENTS
A4: ='Bid Tab B (RSA)'!$A$4 -> EAN 2015D142
A5: ='Bid Tab B (RSA)'!$A$5 -> Solicitation No. 2017-6981
A6: =TODAY() -> 42880
A7: Bidder | B7: Total Price
A8: =Contractor4 -> Kodiak Pacific Construction | B8: $6,693,693.00*
A9: =Contractor2 -> K&E Excavating, Inc. | B9: ='Bid Tab B (RSA)'!H58 -> 6735551
A10: =Contractor5 -> Nutter Corporation | B10: ='Bid Tab B (RSA)'!N58 -> 7837521.2
A11: =Contractor1 -> Goodfellow Bros., Inc. | B11: ='Bid Tab B (RSA)'!F58 -> 7879592
A12: =Contractor3 -> Kerr Contractors Oregon, Inc. | B12: $8,217,086.25^
A13: =EngineerEstimate -> Engineer's Estimate | B13: ='Bid Tab B (RSA)'!P58 -> 7288775.5
A14: *Non-responsive to the small business requirements of this solicitation
A15: ^Corrected bid total
