Workbook
Name Contractor1: 'Bid Tabulation'!$E$1
Name Contractor2: 'Bid Tabulation'!$G$1
Name Contractor3: 'Bid Tabulation'!$I$1
Name Contractor4: 'Bid Tabulation'!$K$1
Name Contractor5: 'Bid Tabulation'!$M$1
Name Contractor6: 'Bid Tabulation'!$O$1
Name Contractor7: 'Bid Tabulation'!#REF!
Name Contractor8: 'Bid Tabulation'!#REF!
Name EAN: 'Bid Tabulation'!$A$4
Name EngineerEstimate: 'Bid Tabulation'!$Q$1
Name ProjectLocation: 'Bid Item List'!$A$14
Name ProjectTitle: 'Bid Item List'!$A$15
Name ProjectTitle2: 'Bid Item List'!$A$16
Name QTY: 'Bid Tabulation'!$C:$C
Name SolicitationNo: 'Bid Tabulation'!$A$5
Name Total1: 'Bid Tabulation'!$F$19
Name Total2: 'Bid Tabulation'!$H$19
Name Total3: 'Bid Tabulation'!$J$19
Name Total4: 'Bid Tabulation'!$L$19
Name Total5: 'Bid Tabulation'!$N$19
Name Total6: 'Bid Tabulation'!$P$19
Name Total7: 'Bid Tabulation'!#REF!
Name Total8: 'Bid Tabulation'!#REF!
Name TotalEE: 'Bid Tabulation'!$R$19

Sheet Bid Item List
A1: Acre
A2: CY
A3: Each
A4: FT
A5: Gal
A6: Hour
A7: LB
A8: LF
A9: LS
A10: Mile
A11: SF
A12: SY
... A15: KENNEDY FEEDER AND KILLINGSWORTH EXTENSION
A18: Item No. | B18: Item Description | C18: Estimated Quantity | D18: Units | E18: Unit Price | F18: Total Price
A19: 0001 | B19: Mobilization, Surveying, Cleanup, and Demobilization | C19: 1 | D19: LS
A20: 0002 | B20: Sweeper | C20: 1 | D20: LS
A21: 0003 | B21: Temporary Erosion and Sediment Control | C21: 1 | D21: LS
A22: 0004 | B22: Contaminated Soil Excavation and Disposal | C22: 300 | D22: CY
A23: 0005 | B23: Dewatering | C23: 9 | D23: Each
A24: 0006 | B24: Kennedy Feeder Point-of-Service Access Pad | C24: 1 | D24: LS
A25: 0007 | B25: Kennedy Feeder Pad-Mount Switch | C25: 1 | D25: LS
A26: 0008 | B26: Aircraft-Rated Electrical Vaults | C26: 4 | D26: Each
A27: 0009 | B27: H-20 Traffic-Rated Electrical Vaults | C27: 4 | D27: Each
A28: 0010 | B28: Two 6-Inch Conduits by Directional Drilling Method | C28: 5360 | D28: LF
A29: 0011 | B29: Electrical Feeder Conductor Assembly | C29: 12397 | D29: LF
A30: 0012 | B30: Electrical Feeder Installation in Vaults | C30: 17 | D30: Each
A31: 0013 | B31: Electrical Feeder Conductor Termination and Testing | C31: 1 | D31: LS
B32: Total Amount Bid (Basis of Award) | F32: $___________

Sheet Bid Tabulation
A1: =ProjectLocation -> PORTLAND INTERNATIONAL AIRPORT | E1: Kiewit Infrastructure West Co. | G1: Magnum Power, LLC | I1: Northeast Electric, LLC | K1: Northstar Electrical Contractors, Inc. | M1: OEG, Inc. | O1: PHK Construction, LLC | Q1: Engineer's Estimate
A2: =ProjectTitle -> KENNEDY FEEDER AND KILLINGSWORTH EXTENSION
A3: =ProjectTitle2 -> 0
A4: EAN 2020D008
A5: Solicitation No. 2021-8920
A6: =TODAY() -> 44351
A7: Item No. | B7: Item Description | C7: Estimated Quantity | D7: Units | E7: Unit Price | F7: Total Price | G7: Unit Price | H7: Total Price | I7: Unit Price | J7: Total Price | K7: Unit Price | L7: Total Price | M7: Unit Price | N7: Total Price | O7: Unit Price | P7: Total Price | Q7: Unit Price | R7: Total Price
A8: ='Bid Item List'!A19 -> 0001 | B8: ='Bid Item List'!B19 -> Mobilization, Surveying, Cleanup, and Demobilization | C8: ='Bid Item List'!C19 -> 1 | D8: ='Bid Item List'!D19 -> LS | E8: 400000 | F8: =QTY*E8 -> 400000 | G8: 175000 | H8: =QTY*G8 -> 175000 | I8: 179000 | J8: =QTY*I8 -> 179000 | K8: 1020000 | L8: =QTY*K8 -> 1020000 | M8: 249062.59 | N8: =QTY*M8 -> 249062.59 | O8: 336705 | P8: =QTY*O8 -> 336705 | Q8: 275000 | R8: =QTY*Q8 -> 275000
A9: ='Bid Item List'!A20 -> 0002 | B9: ='Bid Item List'!B20 -> Sweeper | C9: ='Bid Item List'!C20 -> 1 | D9: ='Bid Item List'!D20 -> LS | E9: 180000 | F9: =QTY*E9 -> 180000 | G9: 300000 | H9: =QTY*G9 -> 300000 | I9: 15000 | J9: =QTY*I9 -> 15000 | K9: 38000 | L9: =QTY*K9 -> 38000 | M9: 140791.2 | N9: =QTY*M9 -> 140791.2 | O9: 33272 | P9: =QTY*O9 -> 33272 | Q9: 35000 | R9: =QTY*Q9 -> 35000
A10: ='Bid Item List'!A21 -> 0003 | B10: ='Bid Item List'!B21 -> Temporary Erosion and Sediment Control | C10: ='Bid Item List'!C21 -> 1 | D10: ='Bid Item List'!D21 -> LS | E10: 505000 | F10: =QTY*E10 -> 505000 | G10: 75000 | H10: =QTY*G10 -> 75000 | I10: 89000 | J10: =QTY*I10 -> 89000 | K10: 62000 | L10: =QTY*K10 -> 62000 | M10: 79189.78 | N10: =QTY*M10 -> 79189.78 | O10: 55792 | P10: =QTY*O10 -> 55792 | Q10: 25000 | R10: =QTY*Q10 -> 25000
A11: ='Bid Item List'!A22 -> 0004 | B11: ='Bid Item List'!B22 -> Contaminated Soil Excavation and Disposal | C11: ='Bid Item List'!C22 -> 300 | D11: ='Bid Item List'!D22 -> CY | E11: 310 | F11: =QTY*E11 -> 93000 | G11: 2000 | H11: =QTY*G11 -> 600000 | I11: 140 | J11: =QTY*I11 -> 42000 | K11: 185 | L11: =QTY*K11 -> 55500 | M11: 132.22 | N11: =QTY*M11 -> 39666 | O11: 55 | P11: =QTY*O11 -> 16500 | Q11: 175 | R11: =QTY*Q11 -> 52500
A12: ='Bid Item List'!A23 -> 0005 | B12: ='Bid Item List'!B23 -> Dewatering | C12: ='Bid Item List'!C23 -> 9 | D12: ='Bid Item List'!D23 -> Each | E12: 22000 | F12: =QTY*E12 -> 198000 | G12: 10000 | H12: =QTY*G12 -> 90000 | I12: 2200 | J12: =QTY*I12 -> 19800 | K12: 10000 | L12: =QTY*K12 -> 90000 | M12: 6399.1 | N12: =QTY*M12 -> 57591.9 | O12: 9242 | P12: =QTY*O12 -> 83178 | Q12: 12800 | R12: =QTY*Q12 -> 115200
A13: ='Bid Item List'!A24 -> 0006 | B13: ='Bid Item List'!B24 -> Kennedy Feeder Point-of-Service Access Pad | C13: ='Bid Item List'!C24 -> 1 | D13: ='Bid Item List'!D24 -> LS | E13: 140000 | F13: =QTY*E13 -> 140000 | G13: 50000 | H13: =QTY*G13 -> 50000 | I13: 97951 | J13: =QTY*I13 -> 97951 | K13: 145000 | L13: =QTY*K13 -> 145000 | M13: 139112.74 | N13: =QTY*M13 -> 139112.74 | O13: 24427 | P13: =QTY*O13 -> 24427 | Q13: 110000 | R13: =QTY*Q13 -> 110000
A14: ='Bid Item List'!A25 -> 0007 | B14: ='Bid Item List'!B25 -> Kennedy Feeder Pad-Mount Switch | C14: ='Bid Item List'!C25 -> 1 | D14: ='Bid Item List'!D25 -> LS | E14: 129000 | F14: =QTY*E14 -> 129000 | G14: 100000 | H14: =QTY*G14 -> 100000 | I14: 89083 | J14: =QTY*I14 -> 89083 | K14: 251306 | L14: =QTY*K14 -> 251306 | M14: 97667.44 | N14: =QTY*M14 -> 97667.44 | O14: 132423 | P14: =QTY*O14 -> 132423 | Q14: 75000 | R14: =QTY*Q14 -> 75000
A15: ='Bid Item List'!A26 -> 0008 | B15: ='Bid Item List'!B26 -> Aircraft-Rated Electrical Vaults | C15: ='Bid Item List'!C26 -> 4 | D15: ='Bid Item List'!D26 -> Each | E15: 84000 | F15: =QTY*E15 -> 336000 | G15: 50000 | H15: =QTY*G15 -> 200000 | I15: 35185 | J15: =QTY*I15 -> 140740 | K15: 92500 | L15: =QTY*K15 -> 370000 | M15: 76590.27 | N15: =QTY*M15 -> 306361.08 | O15: 48205 | P15: =QTY*O15 -> 192820 | Q15: 55000 | R15: =QTY*Q15 -> 220000
A16: ='Bid Item List'!A27 -> 0009 | B16: ='Bid Item List'!B27 -> H-20 Traffic-Rated Electrical Vaults | C16: ='Bid Item List'!C27 -> 4 | D16: ='Bid Item List'!D27 -> Each | E16: 57000 | F16: =QTY*E16 -> 228000 | G16: 30000 | H16: =QTY*G16 -> 120000 | I16: 18105 | J16: =QTY*I16 -> 72420 | K16: 78750 | L16: =QTY*K16 -> 315000 | M16: 52853.5 | N16: =QTY*M16 -> 211414 | O16: 23186 | P16: =QTY*O16 -> 92744 | Q16: 35000 | R16: =QTY*Q16 -> 140000
A17: ='Bid Item List'!A28 -> 0010 | B17: ='Bid Item List'!B28 -> Two 6-Inch Conduits by Directional Drilling Method | C17: ='Bid Item List'!C28 -> 5360 | D17: ='Bid Item List'!D28 -> LF | E17: 125 | F17: =QTY*E17 -> 670000 | G17: 200 | H17: =QTY*G17 -> 1072000 | I17: 105 | J17: =QTY*I17 -> 562800 | K17: 150 | L17: =QTY*K17 -> 804000 | M17: 120.22 | N17: =QTY*M17 -> 644379.2 | O17: 152 | P17: =QTY*O17 -> 814720 | Q17: 270 | R17: =QTY*Q17 -> 1447200
A18: ='Bid Item List'!A29 -> 0011 | B18: ='Bid Item List'!B29 -> Electrical Feeder Conductor Assembly | C18: ='Bid Item List'!C29 -> 12397 | D18: ='Bid Item List'!D29 -> LF | E18: 96 | F18: =QTY*E18 -> 1190112 | G18: 50 | H18: =QTY*G18 -> 619850 | I18: 97.5 | J18: =QTY*I18 -> 1208707.5 | K18: 96 | L18: =QTY*K18 -> 1190112 | M18: 44.25 | N18: =QTY*M18 -> 548567.25 | O18: 102 | P18: =QTY*O18 -> 1264494 | Q18: 70 | R18: =QTY*Q18 -> 867790
A19: ='Bid Item List'!A30 -> 0012 | B19: ='Bid Item List'!B30 -> Electrical Feeder Installation in Vaults | C19: ='Bid Item List'!C30 -> 17 | D19: ='Bid Item List'!D30 -> Each | E19: 55000 | F19: =QTY*E19 -> 935000 | G19: 5000 | H19: =QTY*G19 -> 85000 | I19: 12235 | J19: =QTY*I19 -> 207995 | K19: 9200 | L19: =QTY*K19 -> 156400 | M19: 12743.33 | N19: =QTY*M19 -> 216636.61 | O19: 7642 | P19: =QTY*O19 -> 129914 | Q19: 10000 | R19: =QTY*Q19 -> 170000
A20: ='Bid Item List'!A31 -> 0013 | B20: ='Bid Item List'!B31 -> Electrical Feeder Conductor Termination and Testing | C20: ='Bid Item List'!C31 -> 1 | D20: ='Bid Item List'!D31 -> LS | E20: 158000 | F20: =QTY*E20 -> 158000 | G20: 150000 | H20: =QTY*G20 -> 150000 | I20: 25487 | J20: =QTY*I20 -> 25487 | K20: 48000 | L20: =QTY*K20 -> 48000 | M20: 50678.85 | N20: =QTY*M20 -> 50678.85 | O20: 17080 | P20: =QTY*O20 -> 17080 | Q20: 35000 | R20: =QTY*Q20 -> 35000
B21: ='Bid Item List'!B32 -> Total Amount Bid (Basis of Award) | D21: ='Bid Item List'!D32 -> 0 | F21: =SUM(F8:F20) -> 5162112 | H21: =SUM(H8:H20) -> 3636850 | J21: =SUM(J8:J20) -> 2749983.5 | L21: =SUM(L8:L20) -> 4545318 | N21: =SUM(N8:N20) -> 2781118.6 | P21: =SUM(P8:P20) -> 3194069 | R21: =SUM(R8:R20) -> 3567690

Sheet Summary
A1: =ProjectLocation -> PORTLAND INTERNATIONAL AIRPORT
A2: =ProjectTitle -> KENNEDY FEEDER AND KILLINGSWORTH EXTENSION
A3: =ProjectTitle2 -> 0
A4: =EAN -> EAN 2020D008
A5: =SolicitationNo -> Solicitation No. 2021-8920
A6: =TODAY() -> 44351
A7: Bidder | B7: Total Price
A8: =Contractor3 -> Northeast Electric, LLC | B8: ='Bid Tabulation'!J21 -> 2749983.5
A9: =Contractor5 -> OEG, Inc. | B9: $2,781,118.64*
A10: =Contractor6 -> PHK Construction, LLC | B10: $3,194,069.00*
A11: =Contractor2 -> Magnum Power, LLC | B11: $3,636,850.00*
A12: =Contractor4 -> Northstar Electrical Contractors, Inc. | B12: ='Bid Tabulation'!L21 -> 4545318
A13: =Contractor1 -> Kiewit Infrastructure West Co. | B13: ='Bid Tabulation'!F21 -> 5162112
A14: =EngineerEstimate -> Engineer's Estimate | B14: ='Bid Tabulation'!R21 -> 3567690
A15: *Corrected Bid Total
