Workbook
Name Contractor1: 'Bid Tabulation'!$E$1
Name Contractor2: 'Bid Tabulation'!$G$1
Name Contractor3: 'Bid Tabulation'!#REF!
Name Contractor3A: 'Bid Tabulation'!#REF!
Name Contractor4: 'Bid Tabulation'!#REF!
Name Contractor5: 'Bid Tabulation'!#REF!
Name Contractor6: 'Bid Tabulation'!#REF!
Name Contractor7: 'Bid Tabulation'!#REF!
Name Contractor8: 'Bid Tabulation'!#REF!
Name EAN: 'Bid Tabulation'!$A$4
Name EngineerEstimate: 'Bid Tabulation'!$I$1
Name ProjectLocation: 'Bid Item List'!$A$15
Name ProjectTitle: 'Bid Item List'!$A$16
Name ProjectTitle2: 'Bid Item List'!$A$17
Name QTY: 'Bid Tabulation'!$C:$C
Name SolicitationNo: 'Bid Tabulation'!$A$5
Name Total1: 'Bid Tabulation'!$F$40
Name Total2: 'Bid Tabulation'!$H$40
Name Total3: 'Bid Tabulation'!#REF!
Name Total3A: 'Bid Tabulation'!#REF!
Name Total4: 'Bid Tabulation'!#REF!
Name Total5: 'Bid Tabulation'!#REF!
Name Total6: 'Bid Tabulation'!#REF!
Name Total7: 'Bid Tabulation'!#REF!
Name Total8: 'Bid Tabulation'!#REF!
Name TotalEE: 'Bid Tabulation'!$J$40

Sheet Bid Item List
A1: Acre
A2: CY
A3: Each
A4: FT
A5: Gal
A6: Hour
A7: LB
A8: LF
A9: LS
A10: Mile
A11: SF
A12: SY
... A16: AIR CARGO ROAD MULTI-USE PATH CONNECTOR
A19: Item No. | B19: Item Description | C19: Estimated Quantity | D19: Units | E19: Unit Price | F19: Total Price
A20: 0001 | B20: Mobilization, Surveying, Cleanup, and Demobilization | C20: 1 | D20: LS | E20: =90000+48000+14000 -> 152000 | F20: =E20*C20 -> 152000
A21: 0002 | B21: Project Traffic Control | C21: 1 | D21: LS | E21: =36000+7000 -> 43000 | F21: =E21*C21 -> 43000
A22: 0003 | B22: Inlet Protection | C22: 6 | D22: Each | E22: 100 | F22: =E22*C22 -> 600
A23: 0004 | B23: Ditch Protection | C23: 9 | D23: Each | E23: 200 | F23: =E23*C23 -> 1800
A24: 0005 | B24: Clearing and Grubbing | C24: 1 | D24: LS | E24: 15000 | F24: =E24*C24 -> 15000
A25: 0006 | B25: Pavement Removal | C25: 110 | D25: CY | E25: 60 | F25: =E25*C25 -> 6600
A26: 0007 | B26: Asphalt Sawcut | C26: 1127 | D26: LF | E26: 5 | F26: =E26*C26 -> 5635
A27: 0008 | B27: Curb Removal | C27: 85 | D27: LF | E27: 20 | F27: =E27*C27 -> 1700
A28: 0009 | B28: Asphalt Grinding Removal and Disposal | C28: 138 | D28: CY | E28: 60 | F28: =E28*C28 -> 8280
A29: 0010 | B29: Common Excavation | C29: 2571 | D29: CY | E29: 50 | F29: =E29*C29 -> 128550
A30: 0011 | B30: Embankment | C30: 183 | D30: CY | E30: 120 | F30: =E30*C30 -> 21960
A31: 0012 | B31: Unsuitable Excavation and Disposal | C31: 100 | D31: CY | E31: 100 | F31: =E31*C31 -> 10000
A32: 0013 | B32: Encasement Over Existing Waterlin | C32: 359 | D32: LF | E32: 150 | F32: =E32*C32 -> 53850
A33: 0014 | B33: Remove and Reinstall 12-Inch Ductile Iron Pipe | C33: 38 | D33: LF | E33: 250 | F33: =E33*C33 -> 9500
... A51: 0032 | B51: Bollards | C51: 8 | D51: Each | E51: 1000 | F51: =E51*C51 -> 8000
B52: Total Amount Bid (Basis of Award) | F52: =SUM(F20:F51) -> 868026

Sheet Bid Tabulation
A1: =ProjectLocation -> PORTLAND INTERNATIONAL AIRPORT | E1: Dirt and Aggregate Interchange, Inc. | G1: Kodiak Pacific Construction | I1: Engineer's Estimate
A2: =ProjectTitle -> AIR CARGO ROAD MULTI-USE PATH CONNECTOR
A3: =ProjectTitle2 -> 0
A4: EAN 2020D009
A5: Solicitation No. 2023-10179
A6: =TODAY() -> 45051
A7: Item No. | B7: Item Description | C7: Estimated Quantity | D7: Units | E7: Unit Price | F7: Total Price | G7: Unit Price | H7: Total Price | I7: Unit Price | J7: Total Price
A8: ='Bid Item List'!A20 -> 0001 | B8: ='Bid Item List'!B20 -> Mobilization, Surveying, Cleanup, and Demobilization | C8: ='Bid Item List'!C20 -> 1 | D8: ='Bid Item List'!D20 -> LS | E8: 90678.95 | F8: =QTY*E8 -> 90678.95 | G8: 75498.25 | H8: =QTY*G8 -> 75498.25 | I8: ='Bid Item List'!E20 -> 152000 | J8: =QTY*I8 -> 152000
A9: ='Bid Item List'!A21 -> 0002 | B9: ='Bid Item List'!B21 -> Project Traffic Control | C9: ='Bid Item List'!C21 -> 1 | D9: ='Bid Item List'!D21 -> LS | E9: 57700 | F9: =QTY*E9 -> 57700 | G9: 46000 | H9: =QTY*G9 -> 46000 | I9: ='Bid Item List'!E21 -> 43000 | J9: =QTY*I9 -> 43000
A10: ='Bid Item List'!A22 -> 0003 | B10: ='Bid Item List'!B22 -> Inlet Protection | C10: ='Bid Item List'!C22 -> 6 | D10: ='Bid Item List'!D22 -> Each | E10: 70 | F10: =QTY*E10 -> 420 | G10: 72 | H10: =QTY*G10 -> 432 | I10: ='Bid Item List'!E22 -> 100 | J10: =QTY*I10 -> 600
A11: ='Bid Item List'!A23 -> 0004 | B11: ='Bid Item List'!B23 -> Ditch Protection | C11: ='Bid Item List'!C23 -> 9 | D11: ='Bid Item List'!D23 -> Each | E11: 168 | F11: =QTY*E11 -> 1512 | G11: 75 | H11: =QTY*G11 -> 675 | I11: ='Bid Item List'!E23 -> 200 | J11: =QTY*I11 -> 1800
A12: ='Bid Item List'!A24 -> 0005 | B12: ='Bid Item List'!B24 -> Clearing and Grubbing | C12: ='Bid Item List'!C24 -> 1 | D12: ='Bid Item List'!D24 -> LS | E12: 11200 | F12: =QTY*E12 -> 11200 | G12: 36000 | H12: =QTY*G12 -> 36000 | I12: ='Bid Item List'!E24 -> 15000 | J12: =QTY*I12 -> 15000
A13: ='Bid Item List'!A25 -> 0006 | B13: ='Bid Item List'!B25 -> Pavement Removal | C13: ='Bid Item List'!C25 -> 110 | D13: ='Bid Item List'!D25 -> CY | E13: 47.65 | F13: =QTY*E13 -> 5241.5 | G13: 45 | H13: =QTY*G13 -> 4950 | I13: ='Bid Item List'!E25 -> 60 | J13: =QTY*I13 -> 6600
A14: ='Bid Item List'!A26 -> 0007 | B14: ='Bid Item List'!B26 -> Asphalt Sawcut | C14: ='Bid Item List'!C26 -> 1127 | D14: ='Bid Item List'!D26 -> LF | E14: 2.25 | F14: =QTY*E14 -> 2535.75 | G14: 2.75 | H14: =QTY*G14 -> 3099.25 | I14: ='Bid Item List'!E26 -> 5 | J14: =QTY*I14 -> 5635
A15: ='Bid Item List'!A27 -> 0008 | B15: ='Bid Item List'!B27 -> Curb Removal | C15: ='Bid Item List'!C27 -> 85 | D15: ='Bid Item List'!D27 -> LF | E15: 7.15 | F15: =QTY*E15 -> 607.75 | G15: 28 | H15: =QTY*G15 -> 2380 | I15: ='Bid Item List'!E27 -> 20 | J15: =QTY*I15 -> 1700
A16: ='Bid Item List'!A28 -> 0009 | B16: ='Bid Item List'!B28 -> Asphalt Grinding Removal and Disposal | C16: ='Bid Item List'!C28 -> 138 | D16: ='Bid Item List'!D28 -> CY | E16: 109 | F16: =QTY*E16 -> 15042 | G16: 110 | H16: =QTY*G16 -> 15180 | I16: ='Bid Item List'!E28 -> 60 | J16: =QTY*I16 -> 8280
A17: ='Bid Item List'!A29 -> 0010 | B17: ='Bid Item List'!B29 -> Common Excavation | C17: ='Bid Item List'!C29 -> 2571 | D17: ='Bid Item List'!D29 -> CY | E17: 48.4 | F17: =QTY*E17 -> 124436.4 | G17: 59 | H17: =QTY*G17 -> 151689 | I17: ='Bid Item List'!E29 -> 50 | J17: =QTY*I17 -> 128550
A18: ='Bid Item List'!A30 -> 0011 | B18: ='Bid Item List'!B30 -> Embankment | C18: ='Bid Item List'!C30 -> 183 | D18: ='Bid Item List'!D30 -> CY | E18: 15.8 | F18: =QTY*E18 -> 2891.4 | G18: 23 | H18: =QTY*G18 -> 4209 | I18: ='Bid Item List'!E30 -> 120 | J18: =QTY*I18 -> 21960
A19: ='Bid Item List'!A31 -> 0012 | B19: ='Bid Item List'!B31 -> Unsuitable Excavation and Disposal | C19: ='Bid Item List'!C31 -> 100 | D19: ='Bid Item List'!D31 -> CY | E19: 65 | F19: =QTY*E19 -> 6500 | G19: 9.5 | H19: =QTY*G19 -> 950 | I19: ='Bid Item List'!E31 -> 100 | J19: =QTY*I19 -> 10000
... A39: ='Bid Item List'!A51 -> 0032 | B39: ='Bid Item List'!B51 -> Bollards | C39: ='Bid Item List'!C51 -> 8 | D39: ='Bid Item List'!D51 -> Each | E39: 1335 | F39: =QTY*E39 -> 10680 | G39: 2500 | H39: =QTY*G39 -> 20000 | I39: ='Bid Item List'!E51 -> 1000 | J39: =QTY*I39 -> 8000
B40: Total Amount Bid (Basis of Award) | F40: =SUM($F8:$F39) -> 784844 | H40: =SUM($H8:$H39) -> 787786.5 | J40: =SUM($J8:$J39) -> 868026

Sheet Summary
A1: =ProjectLocation -> PORTLAND INTERNATIONAL AIRPORT
A2: =ProjectTitle -> AIR CARGO ROAD MULTI-USE PATH CONNECTOR
A3: =ProjectTitle2 -> 0
A4: =EAN -> EAN 2020D009
A5: =SolicitationNo -> Solicitation No. 2023-10179
A6: =TODAY() -> 45051
A7: Bidder | B7: Total Price
A8: =Contractor1 -> Dirt and Aggregate Interchange, Inc. | B8: =Total1 -> 784844
A9: =Contractor2 -> Kodiak Pacific Construction | B9: $787,786.50*
A10: =EngineerEstimate -> Engineer's Estimate | B10: =TotalEE -> 868026
A11: *Bid Total with Corrected Unit Price
