Workbook
Name Contractor1: 'Bid Tab A (FAA)'!$E$1
Name Contractor1: 'Bid Tab B (Port)'!$E$1
Name Contractor2: 'Bid Tab A (FAA)'!$G$1
Name Contractor2: 'Bid Tab B (Port)'!$G$1
Name Contractor3: 'Bid Tab A (FAA)'!$I$1
Name Contractor3: 'Bid Tab B (Port)'!$I$1
Name Contractor4: 'Bid Tab A (FAA)'!$K$1
Name Contractor4: 'Bid Tab B (Port)'!$K$1
Name Contractor5: 'Bid Tab A (FAA)'!$M$1
Name Contractor5: 'Bid Tab B (Port)'!$M$1
Name Contractor6: 'Bid Tab A (FAA)'!$O$1
Name Contractor6: 'Bid Tab B (Port)'!$O$1
Name Contractor7: 'Bid Tab A (FAA)'!#REF!
Name Contractor7: 'Bid Tab B (Port)'!#REF!
Name Contractor8: 'Bid Tab A (FAA)'!#REF!
Name Contractor8: 'Bid Tab B (Port)'!#REF!
Name EngineerEstimate: 'Bid Tab A (FAA)'!$Q$1
Name EngineerEstimate: 'Bid Tab B (Port)'!$Q$1

Sheet Bid Item List A (FAA)
A1: Acre
A2: CY
A3: Each
A4: FT
A5: Gal
A6: Hour
A7: LB
A8: LF
A9: LS
A10: Mile
A11: SF
A12: SY
... A16: TAXIWAY B CENTER AND EXITS REHABILITATION
A19: Item No. | B19: Item Description | C19: Estimated Quantity | D19: Units | E19: Unit Price | F19: Total Price
A20: 0001 | B20: Mobilization, Cleanup, and Demobilization (Section 012200) | C20: 1 | D20: LS
A21: 0002 | B21: Sweeper (Section 012200) | C21: 1 | D21: LS
A22: 0003 | B22: Security Control Monitoring (Section 012200) | C22: 1 | D22: LS
A23: 0004 | B23: Traffic Control (Section 012200) | C23: 1 | D23: LS
A24: 0005 | B24: Escort (Section 012200) | C24: 1 | D24: LS
A25: 0006 | B25: Construction Access (Section 015713) | C25: 2 | D25: Each
A26: 0007 | B26: Jet Blast Control Material (Section 015713) | C26: 2.5 | D26: Acre
A27: 0008 | B27: Inlet Protection (Section 015713) | C27: 85 | D27: Each
A28: 0009 | B28: Ditch Protection/Check Dams (Section 015713) | C28: 12 | D28: Each
A29: 0010 | B29: Wattles (Section 015713) | C29: 1000 | D29: LF
A30: 0011 | B30: Construction Survey (Item GP-50) | C30: 1 | D30: LS
A31: 0012 | B31: PCC Pavement Removal - 3" Depth (Item P-101) | C31: 375 | D31: SY
... A91: 0072 | B91: Removal of Existing Storm Pipe, Manholes, and Inlets (Section 312300) | C91: 1 | D91: LS
A92: 0073 | B92: Connection to Existing Storm Drainage System (Section 312300) | D92: Each
A93: 0074 | B93: Existing Manhole Adjustment to Grade (Section 312300) | D93: Each
A94: 0075 | B94: Existing Catch Basin Adjustment to Grade (Section 312300) | D94: Each
A95: 0076 | B95: Existing Electrical Vault Adjustment to Grade (Section 312300) | C95: 2 | D95: Each
A96: 0077 | B96: 12-Inch Ductile Iron (Force Main) Pipe (Section 334100) | D96: LF
A97: 0078 | B97: 20-Inch Ductile Iron (Force Main) Pipe (Section 334100) | D97: LF
A98: 0079 | B98: Riprap (Section 334100) | D98: CY
A99: 0080 | B99: Stormwater Pump Station, Electrical Equipment Installation (Section 334213) | C99: 1 | D99: LS
A100: 0081 | B100: Stormwater Valve Vault (Section 334213) | C100: 1 | D100: LS
A101: 0082 | B101: Install PF LED Taxiway Centerline Light with PF Base Can, CF Transformer in New AC (Section 344300) | C101: 22 | D101: Each
A102: 0083 | B102: Install PF LED Taxiway Centerline Light on Existing Base Can with CF Isolation Transformer (Section 344300) | C102: 9 | D102: Each
A103: 0084 | B103: Adjust Existing Elevated Runway Threshold Light (Section 344301) | C103: 8 | D103: Each
A104: 0085 | B104: Adjust Existing In-Pavement Runway Edge Light (Section 344301) | C104: 8 | D104: Each
A105: 0086 | B105: Adjust Existing In-Pavement Stop Bar Light (Section 344301) | C105: 15 | D105: Each
A106: 0087 | B106: Sign E6-6 (Section 344302) | C106: 1 | D106: LS
A107: 0088 | B107: Sign E6-9 (Section 344302) | C107: 1 | D107: LS
A108: 0089 | B108: Sign G-3 (Section 344302) | C108: 1 | D108: LS
B109: Total Amount Bid Schedule A | F109: $___________

Sheet Bid Item List B (Port)
A1: Acre
A2: CY
A3: Each
A4: FT
A5: Gal
A6: Hour
A7: LB
A8: LF
A9: LS
A10: Mile
A11: SF
A12: SY
... A16: TAXIWAY B CENTER AND EXITS REHABILITATION
A19: Item No. | B19: Item Description | C19: Estimated Quantity | D19: Units | E19: Unit Price | F19: Total Price
A20: 0001 | B20: Wildlife Access Road, Asphalt Grindings (Section 012200) | C20: 200 | D20: CY
A21: 0002 | B21: Heat Shrink for 5kV L-823 Primary Connector (Item L-108) | C21: 435 | D21: Each
A22: 0003 | B22: 1-Inch IMC in Existing AC (Item L-110) | C22: 25 | D22: LF
A23: 0004 | B23: 3-Inch Diameter Brass Marker (Section 260553) | C23: 3 | D23: Each
B24: Total Amount Bid Schedule B | F24: $___________
B25: Total Amount Bid Schedules A and B (Basis of Award) | F25: $___________

Sheet Bid Tab A (FAA)
A1: ='Bid Item List B (Port)'!$A$15 -> PORTLAND INTERNATIONAL AIRPORT | E1: Goodfella Bros., Inc. | G1: K&E Excavating, Inc. | I1: Kerr Contractors Oregon, Inc. | K1: Kodiak Pacific Construction | M1: Nutter Corp. | O1: Wildish Standard Paving Co. | Q1: Engineer's Estimate
A2: ='Bid Item List B (Port)'!$A$16 -> TAXIWAY B CENTER AND EXITS REHABILITATION
A3: ='Bid Item List B (Port)'!$A$17 -> 0
A4: EAN 2015D147
A5: Solicitation No. 2016-6920
A6: =TODAY() -> 42754
A7: Item No. | B7: Item Description | C7: Estimated Quantity | D7: Units | E7: Unit Price | F7: Total Price | G7: Unit Price | H7: Total Price | I7: Unit Price | J7: Total Price | K7: Unit Price | L7: Total Price | M7: Unit Price | N7: Total Price | O7: Unit Price | P7: Total Price | Q7: Unit Price | R7: Total Price
A8: ='Bid Item List A (FAA)'!$A20 -> 0001 | B8: ='Bid Item List A (FAA)'!B20 -> Mobilization, Cleanup, and Demobilization (Section 012200) | C8: ='Bid Item List A (FAA)'!C20 -> 1 | D8: ='Bid Item List A (FAA)'!D20 -> LS | E8: 1907000 | F8: =C8*E8 -> 1907000 | G8: 1800000 | H8: =C8*G8 -> 1800000 | I8: 1825000 | J8: =C8*I8 -> 1825000 | K8: 900000 | L8: =C8*K8 -> 900000 | M8: 1820000 | N8: =C8*M8 -> 1820000 | O8: 475000 | P8: =C8*O8 -> 475000 | Q8: 1310268 | R8: =C8*Q8 -> 1310268
A9: ='Bid Item List A (FAA)'!A21 -> 0002 | B9: ='Bid Item List A (FAA)'!B21 -> Sweeper (Section 012200) | C9: ='Bid Item List A (FAA)'!C21 -> 1 | D9: ='Bid Item List A (FAA)'!D21 -> LS | E9: 130000 | F9: =C9*E9 -> 130000 | G9: 260000 | H9: =C9*G9 -> 260000 | I9: 225000 | J9: =C9*I9 -> 225000 | K9: 265000 | L9: =C9*K9 -> 265000 | M9: 400000 | N9: =C9*M9 -> 400000 | O9: 600000 | P9: =C9*O9 -> 600000 | Q9: 150000 | R9: =C9*Q9 -> 150000
A10: ='Bid Item List A (FAA)'!A22 -> 0003 | B10: ='Bid Item List A (FAA)'!B22 -> Security Control Monitoring (Section 012200) | C10: ='Bid Item List A (FAA)'!C22 -> 1 | D10: ='Bid Item List A (FAA)'!D22 -> LS | E10: 65000 | F10: =C10*E10 -> 65000 | G10: 25000 | H10: =C10*G10 -> 25000 | I10: 100000 | J10: =C10*I10 -> 100000 | K10: 103000 | L10: =C10*K10 -> 103000 | M10: 115000 | N10: =C10*M10 -> 115000 | O10: 340000 | P10: =C10*O10 -> 340000 | Q10: 30000 | R10: =C10*Q10 -> 30000
A11: ='Bid Item List A (FAA)'!A23 -> 0004 | B11: ='Bid Item List A (FAA)'!B23 -> Traffic Control (Section 012200) | C11: ='Bid Item List A (FAA)'!C23 -> 1 | D11: ='Bid Item List A (FAA)'!D23 -> LS | E11: 75000 | F11: =C11*E11 -> 75000 | G11: 300000 | H11: =C11*G11 -> 300000 | I11: 251566.5 | J11: =C11*I11 -> 251566.5 | K11: 420000 | L11: =C11*K11 -> 420000 | M11: 100000 | N11: =C11*M11 -> 100000 | O11: 500000 | P11: =C11*O11 -> 500000 | Q11: 175000 | R11: =C11*Q11 -> 175000
A12: ='Bid Item List A (FAA)'!$A24 -> 0005 | B12: ='Bid Item List A (FAA)'!B24 -> Escort (Section 012200) | C12: ='Bid Item List A (FAA)'!C24 -> 1 | D12: ='Bid Item List A (FAA)'!D24 -> LS | E12: 75000 | F12: =C12*E12 -> 75000 | G12: 250000 | H12: =C12*G12 -> 250000 | I12: 250000 | J12: =C12*I12 -> 250000 | K12: 278000 | L12: =C12*K12 -> 278000 | M12: 306000 | N12: =C12*M12 -> 306000 | O12: 1400000 | P12: =C12*O12 -> 1400000 | Q12: 100000 | R12: =C12*Q12 -> 100000
A13: ='Bid Item List A (FAA)'!A25 -> 0006 | B13: ='Bid Item List A (FAA)'!B25 -> Construction Access (Section 015713) | C13: ='Bid Item List A (FAA)'!C25 -> 2 | D13: ='Bid Item List A (FAA)'!D25 -> Each | E13: 10000 | F13: =C13*E13 -> 20000 | G13: 3500 | H13: =C13*G13 -> 7000 | I13: 2500 | J13: =C13*I13 -> 5000 | K13: 1330 | L13: =C13*K13 -> 2660 | M13: 5000 | N13: =C13*M13 -> 10000 | O13: 7000 | P13: =C13*O13 -> 14000 | Q13: 2500 | R13: =C13*Q13 -> 5000
A14: ='Bid Item List A (FAA)'!A26 -> 0007 | B14: ='Bid Item List A (FAA)'!B26 -> Jet Blast Control Material (Section 015713) | C14: ='Bid Item List A (FAA)'!C26 -> 2.5 | D14: ='Bid Item List A (FAA)'!D26 -> Acre | E14: 5150 | F14: =C14*E14 -> 12875 | G14: 3500 | H14: =C14*G14 -> 8750 | I14: 3050 | J14: =C14*I14 -> 7625 | K14: 3200 | L14: =C14*K14 -> 8000 | M14: 3300 | N14: =C14*M14 -> 8250 | O14: 4000 | P14: =C14*O14 -> 10000 | Q14: 3600 | R14: =C14*Q14 -> 9000
A15: ='Bid Item List A (FAA)'!A27 -> 0008 | B15: ='Bid Item List A (FAA)'!B27 -> Inlet Protection (Section 015713) | C15: ='Bid Item List A (FAA)'!C27 -> 85 | D15: ='Bid Item List A (FAA)'!D27 -> Each | E15: 150 | F15: =C15*E15 -> 12750 | G15: 85 | H15: =C15*G15 -> 7225 | I15: 65 | J15: =C15*I15 -> 5525 | K15: 103 | L15: =C15*K15 -> 8755 | M15: 70 | N15: =C15*M15 -> 5950 | O15: 125 | P15: =C15*O15 -> 10625 | Q15: 80 | R15: =C15*Q15 -> 6800
A16: ='Bid Item List A (FAA)'!$A28 -> 0009 | B16: ='Bid Item List A (FAA)'!B28 -> Ditch Protection/Check Dams (Section 015713) | C16: ='Bid Item List A (FAA)'!C28 -> 12 | D16: ='Bid Item List A (FAA)'!D28 -> Each | E16: 500 | F16: =C16*E16 -> 6000 | G16: 100 | H16: =C16*G16 -> 1200 | I16: 70 | J16: =C16*I16 -> 840 | K16: 165 | L16: =C16*K16 -> 1980 | M16: 130 | N16: =C16*M16 -> 1560 | O16: 150 | P16: =C16*O16 -> 1800 | Q16: 175 | R16: =C16*Q16 -> 2100
A17: ='Bid Item List A (FAA)'!A29 -> 0010 | B17: ='Bid Item List A (FAA)'!B29 -> Wattles (Section 015713) | C17: ='Bid Item List A (FAA)'!C29 -> 1000 | D17: ='Bid Item List A (FAA)'!D29 -> LF | E17: 5 | F17: =C17*E17 -> 5000 | G17: 3 | H17: =C17*G17 -> 3000 | I17: 2.75 | J17: =C17*I17 -> 2750 | K17: 2.85 | L17: =C17*K17 -> 2850 | M17: 4 | N17: =C17*M17 -> 4000 | O17: 4 | P17: =C17*O17 -> 4000 | Q17: 3.5 | R17: =C17*Q17 -> 3500
A18: ='Bid Item List A (FAA)'!A30 -> 0011 | B18: ='Bid Item List A (FAA)'!B30 -> Construction Survey (Item GP-50) | C18: ='Bid Item List A (FAA)'!C30 -> 1 | D18: ='Bid Item List A (FAA)'!D30 -> LS | E18: 400000 | F18: =C18*E18 -> 400000 | G18: 240000 | H18: =C18*G18 -> 240000 | I18: 200000 | J18: =C18*I18 -> 200000 | K18: 447000 | L18: =C18*K18 -> 447000 | M18: 400000.47 | N18: =C18*M18 -> 400000.47 | O18: 250000 | P18: =C18*O18 -> 250000 | Q18: 115000 | R18: =C18*Q18 -> 115000
A19: ='Bid Item List A (FAA)'!A31 -> 0012 | B19: ='Bid Item List A (FAA)'!B31 -> PCC Pavement Removal - 3" Depth (Item P-101) | C19: ='Bid Item List A (FAA)'!C31 -> 375 | D19: ='Bid Item List A (FAA)'!D31 -> SY | E19: 20 | F19: =C19*E19 -> 7500 | G19: 11 | H19: =C19*G19 -> 4125 | I19: 2.75 | J19: =C19*I19 -> 1031.25 | K19: 6.9 | L19: =C19*K19 -> 2587.5 | M19: 11 | N19: =C19*M19 -> 4125 | O19: 30 | P19: =C19*O19 -> 11250 | Q19: 11.25 | R19: =C19*Q19 -> 4218.75
A20: ='Bid Item List A (FAA)'!$A32 -> 0013 | B20: ='Bid Item List A (FAA)'!B32 -> PCC Pavement Removal - 6" Depth (Item P-101) | C20: ='Bid Item List A (FAA)'!C32 -> 950 | D20: ='Bid Item List A (FAA)'!D32 -> SY | E20: 15 | F20: =C20*E20 -> 14250 | G20: 10 | H20: =C20*G20 -> 9500 | I20: 6.5 | J20: =C20*I20 -> 6175 | K20: 11 | L20: =C20*K20 -> 10450 | M20: 13 | N20: =C20*M20 -> 12350 | O20: 30 | P20: =C20*O20 -> 28500 | Q20: 22.5 | R20: =C20*Q20 -> 21375
A21: ='Bid Item List A (FAA)'!A33 -> 0014 | B21: ='Bid Item List A (FAA)'!B33 -> Asphalt Pavement Removal - 3" Depth (Item P-101) | C21: ='Bid Item List A (FAA)'!C33 -> 19700 | D21: ='Bid Item List A (FAA)'!D33 -> SY | E21: 4 | F21: =C21*E21 -> 78800 | G21: 2 | H21: =C21*G21 -> 39400 | I21: 2.35 | J21: =C21*I21 -> 46295 | K21: 2 | L21: =C21*K21 -> 39400 | M21: 3 | N21: =C21*M21 -> 59100 | O21: 3 | P21: =C21*O21 -> 59100 | Q21: 1.7 | R21: =C21*Q21 -> 33490
A22: ='Bid Item List A (FAA)'!A34 -> 0015 | B22: ='Bid Item List A (FAA)'!B34 -> Asphalt Pavement Removal - 5" Depth (Item P-101) | C22: ='Bid Item List A (FAA)'!C34 -> 2100 | D22: ='Bid Item List A (FAA)'!D34 -> SY | E22: 5 | F22: =C22*E22 -> 10500 | G22: 3.5 | H22: =C22*G22 -> 7350 | I22: 4 | J22: =C22*I22 -> 8400 | K22: 4.75 | L22: =C22*K22 -> 9975 | M22: 6.5 | N22: =C22*M22 -> 13650 | O22: 4 | P22: =C22*O22 -> 8400 | Q22: 2.8 | R22: =C22*Q22 -> 5880
A23: ='Bid Item List A (FAA)'!A35 -> 0016 | B23: ='Bid Item List A (FAA)'!B35 -> Asphalt Pavement Removal - 7.5" Depth (Item P-101) | C23: ='Bid Item List A (FAA)'!C35 -> 2600 | D23: ='Bid Item List A (FAA)'!D35 -> SY | E23: 7 | F23: =C23*E23 -> 18200 | G23: 4.85 | H23: =C23*G23 -> 12610 | I23: 6.15 | J23: =C23*I23 -> 15990 | K23: 2.9 | L23: =C23*K23 -> 7540 | M23: 7 | N23: =C23*M23 -> 18200 | O23: 6 | P23: =C23*O23 -> 15600 | Q23: 4.2 | R23: =C23*Q23 -> 10920
A24: ='Bid Item List A (FAA)'!$A36 -> 0017 | B24: ='Bid Item List A (FAA)'!B36 -> Asphalt Pavement Removal - 12" Depth (Item P-101) | C24: ='Bid Item List A (FAA)'!C36 -> 8700 | D24: ='Bid Item List A (FAA)'!D36 -> SY | E24: 10 | F24: =C24*E24 -> 87000 | G24: 9.5 | H24: =C24*G24 -> 82650 | I24: 9.5 | J24: =C24*I24 -> 82650 | K24: 7 | L24: =C24*K24 -> 60900 | M24: 8 | N24: =C24*M24 -> 69600 | O24: 8 | P24: =C24*O24 -> 69600 | Q24: 6.7 | R24: =C24*Q24 -> 58290
A25: ='Bid Item List A (FAA)'!$A37 -> 0018 | B25: ='Bid Item List A (FAA)'!B37 -> Asphalt Pavement Removal - 14" Depth (Item P-101) | C25: ='Bid Item List A (FAA)'!C37 -> 950 | D25: ='Bid Item List A (FAA)'!D37 -> SY | E25: 11 | F25: =C25*E25 -> 10450 | G25: 12.5 | H25: =C25*G25 -> 11875 | I25: 11 | J25: =C25*I25 -> 10450 | K25: 8.1 | L25: =C25*K25 -> 7695 | M25: 16 | N25: =C25*M25 -> 15200 | O25: 10 | P25: =C25*O25 -> 9500 | Q25: 7.8 | R25: =C25*Q25 -> 7410
A26: ='Bid Item List A (FAA)'!A38 -> 0019 | B26: ='Bid Item List A (FAA)'!B38 -> Asphalt Pavement Removal - 16" Depth (Item P-101) | C26: ='Bid Item List A (FAA)'!C38 -> 15200 | D26: ='Bid Item List A (FAA)'!D38 -> SY | E26: 13 | F26: =C26*E26 -> 197600 | G26: 10.75 | H26: =C26*G26 -> 163400 | I26: 12.5 | J26: =C26*I26 -> 190000 | K26: 9.3 | L26: =C26*K26 -> 141360 | M26: 13 | N26: =C26*M26 -> 197600 | O26: 11 | P26: =C26*O26 -> 167200 | Q26: 8.9 | R26: =C26*Q26 -> 135280
A27: ='Bid Item List A (FAA)'!A39 -> 0020 | B27: ='Bid Item List A (FAA)'!B39 -> Asphalt Pavement Removal - 20" Depth (Item P-101) | C27: ='Bid Item List A (FAA)'!C39 -> 23600 | D27: ='Bid Item List A (FAA)'!D39 -> SY | E27: 14 | F27: =C27*E27 -> 330400 | G27: 12.5 | H27: =C27*G27 -> 295000 | I27: 15.5 | J27: =C27*I27 -> 365800 | K27: 10 | L27: =C27*K27 -> 236000 | M27: 16 | N27: =C27*M27 -> 377600 | O27: 12 | P27: =C27*O27 -> 283200 | Q27: 11.15 | R27: =C27*Q27 -> 263140
A28: ='Bid Item List A (FAA)'!A40 -> 0021 | B28: ='Bid Item List A (FAA)'!B40 -> Asphalt Pavement Removal - 22" Depth (Item P-101) | C28: ='Bid Item List A (FAA)'!C40 -> 6100 | D28: ='Bid Item List A (FAA)'!D40 -> SY | E28: 20 | F28: =C28*E28 -> 122000 | G28: 13 | H28: =C28*G28 -> 79300 | I28: 17.25 | J28: =C28*I28 -> 105225 | K28: 12.8 | L28: =C28*K28 -> 78080 | M28: 16 | N28: =C28*M28 -> 97600 | O28: 13 | P28: =C28*O28 -> 79300 | Q28: 12.25 | R28: =C28*Q28 -> 74725
A29: ='Bid Item List A (FAA)'!$A41 -> 0022 | B29: ='Bid Item List A (FAA)'!B41 -> Asphalt Pavement Removal - 12" Depth Asphalt Grindings (Item P-101) | C29: ='Bid Item List A (FAA)'!C41 -> 375 | D29: ='Bid Item List A (FAA)'!D41 -> SY | E29: 25 | F29: =C29*E29 -> 9375 | G29: 11 | H29: =C29*G29 -> 4125 | I29: 6.5 | J29: =C29*I29 -> 2437.5 | K29: 6.2 | L29: =C29*K29 -> 2325 | M29: 5 | N29: =C29*M29 -> 1875 | O29: 6 | P29: =C29*O29 -> 2250 | Q29: 6.5 | R29: =C29*Q29 -> 2437.5
A30: ='Bid Item List A (FAA)'!A42 -> 0023 | B30: ='Bid Item List A (FAA)'!B42 -> Joint and Crack Repair (Item P-101) | C30: ='Bid Item List A (FAA)'!C42 -> 1500 | D30: ='Bid Item List A (FAA)'!D42 -> LF | E30: 12 | F30: =C30*E30 -> 18000 | G30: 4.5 | H30: =C30*G30 -> 6750 | I30: 4 | J30: =C30*I30 -> 6000 | K30: 5.1 | L30: =C30*K30 -> 7650 | M30: 4 | N30: =C30*M30 -> 6000 | O30: 5 | P30: =C30*O30 -> 7500 | Q30: 5 | R30: =C30*Q30 -> 7500
A31: ='Bid Item List A (FAA)'!A43 -> 0024 | B31: ='Bid Item List A (FAA)'!B43 -> Cold Milling - 4 Inch Maximum Depth (Item P-101) | C31: ='Bid Item List A (FAA)'!C43 -> 5500 | D31: ='Bid Item List A (FAA)'!D43 -> SY | E31: 5 | F31: =C31*E31 -> 27500 | G31: 4.35 | H31: =C31*G31 -> 23925 | I31: 3.75 | J31: =C31*I31 -> 20625 | K31: 4.7 | L31: =C31*K31 -> 25850 | M31: 5.5 | N31: =C31*M31 -> 30250 | O31: 7 | P31: =C31*O31 -> 38500 | Q31: 5.5 | R31: =C31*Q31 -> 30250
A32: ='Bid Item List A (FAA)'!A44 -> 0025 | B32: ='Bid Item List A (FAA)'!B44 -> Unclassified Excavation (P-152) | C32: ='Bid Item List A (FAA)'!C44 -> 37500 | D32: ='Bid Item List A (FAA)'!D44 -> CY | E32: 41 | F32: =C32*E32 -> 1537500 | G32: 17 | H32: =C32*G32 -> 637500 | I32: 17.5 | J32: =C32*I32 -> 656250 | K32: 31 | L32: =C32*K32 -> 1162500 | M32: 20 | N32: =C32*M32 -> 750000 | O32: 10 | P32: =C32*O32 -> 375000 | Q32: 15 | R32: =C32*Q32 -> 562500
A33: ='Bid Item List A (FAA)'!$A45 -> 0026 | B33: ='Bid Item List A (FAA)'!B45 -> Unsuitable Excavation (Item P-152) | C33: ='Bid Item List A (FAA)'!C45 -> 1000 | D33: ='Bid Item List A (FAA)'!D45 -> CY | E33: 90 | F33: =C33*E33 -> 90000 | G33: 57 | H33: =C33*G33 -> 57000 | I33: 58 | J33: =C33*I33 -> 58000 | K33: 38 | L33: =C33*K33 -> 38000 | M33: 22 | N33: =C33*M33 -> 22000 | O33: 60 | P33: =C33*O33 -> 60000 | Q33: 50 | R33: =C33*Q33 -> 50000
A34: ='Bid Item List A (FAA)'!A46 -> 0027 | B34: ='Bid Item List A (FAA)'!B46 -> Geotextile (Item P-152) | C34: ='Bid Item List A (FAA)'!C46 -> 87400 | D34: ='Bid Item List A (FAA)'!D46 -> SY | E34: 1.25 | F34: =C34*E34 -> 109250 | G34: 0.7 | H34: =C34*G34 -> 61180 | I34: 0.8 | J34: =C34*I34 -> 69920 | K34: 0.8 | L34: =C34*K34 -> 69920 | M34: 0.8 | N34: =C34*M34 -> 69920 | O34: 3 | P34: =C34*O34 -> 262200 | Q34: 1.1 | R34: =C34*Q34 -> 96140
A35: ='Bid Item List A (FAA)'!A47 -> 0028 | B35: ='Bid Item List A (FAA)'!B47 -> Controlled Low-Strength Material (CLSM) (Item P-153) | C35: ='Bid Item List A (FAA)'!C47 -> 1500 | D35: ='Bid Item List A (FAA)'!D47 -> CY | E35: 145 | F35: =C35*E35 -> 217500 | G35: 115 | H35: =C35*G35 -> 172500 | I35: 105 | J35: =C35*I35 -> 157500 | K35: 200 | L35: =C35*K35 -> 300000 | M35: 120 | N35: =C35*M35 -> 180000 | O35: 50 | P35: =C35*O35 -> 75000 | Q35: 100 | R35: =C35*Q35 -> 150000
A36: ='Bid Item List A (FAA)'!A48 -> 0029 | B36: ='Bid Item List A (FAA)'!B48 -> Subbase Course (Item P-154) | C36: ='Bid Item List A (FAA)'!C48 -> 6900 | D36: ='Bid Item List A (FAA)'!D48 -> CY | E36: 36 | F36: =C36*E36 -> 248400 | G36: 35 | H36: =C36*G36 -> 241500 | I36: 25 | J36: =C36*I36 -> 172500 | K36: 36 | L36: =C36*K36 -> 248400 | M36: 20 | N36: =C36*M36 -> 138000 | O36: 6 | P36: =C36*O36 -> 41400 | Q36: 18 | R36: =C36*Q36 -> 124200
A37: ='Bid Item List A (FAA)'!$A49 -> 0030 | B37: ='Bid Item List A (FAA)'!B49 -> Silt Fence (Item P-156) | C37: ='Bid Item List A (FAA)'!C49 -> 5100 | D37: ='Bid Item List A (FAA)'!D49 -> LF | E37: 3 | F37: =C37*E37 -> 15300 | G37: 2 | H37: =C37*G37 -> 10200 | I37: 2 | J37: =C37*I37 -> 10200 | K37: 2 | L37: =C37*K37 -> 10200 | M37: 3 | N37: =C37*M37 -> 15300 | O37: 4 | P37: =C37*O37 -> 20400 | Q37: 2.5 | R37: =C37*Q37 -> 12750
A38: ='Bid Item List A (FAA)'!A50 -> 0031 | B38: ='Bid Item List A (FAA)'!B50 -> Crushed Aggregate Base Course (Item P-209) | C38: ='Bid Item List A (FAA)'!C50 -> 17800 | D38: ='Bid Item List A (FAA)'!D50 -> CY | E38: 55 | F38: =C38*E38 -> 979000 | G38: 46 | H38: =C38*G38 -> 818800 | I38: 60 | J38: =C38*I38 -> 1068000 | K38: 45 | L38: =C38*K38 -> 801000 | M38: 45 | N38: =C38*M38 -> 801000 | O38: 48 | P38: =C38*O38 -> 854400 | Q38: 42.5 | R38: =C38*Q38 -> 756500
A39: ='Bid Item List A (FAA)'!A51 -> 0032 | B39: ='Bid Item List A (FAA)'!B51 -> Hot Mix Asphalt (HMA) Pavement (Item P-401) | C39: ='Bid Item List A (FAA)'!C51 -> 11300 | D39: ='Bid Item List A (FAA)'!D51 -> Ton | E39: 85 | F39: =C39*E39 -> 960500 | G39: 85 | H39: =C39*G39 -> 960500 | I39: 80 | J39: =C39*I39 -> 904000 | K39: 82 | L39: =C39*K39 -> 926600 | M39: 85 | N39: =C39*M39 -> 960500 | O39: 88 | P39: =C39*O39 -> 994400 | Q39: 98 | R39: =C39*Q39 -> 1107400
A40: ='Bid Item List A (FAA)'!A52 -> 0033 | B40: ='Bid Item List A (FAA)'!B52 -> Hot Mix Asphalt (HMA) Pavement Base Course (Item P-403) | C40: ='Bid Item List A (FAA)'!C52 -> 22800 | D40: ='Bid Item List A (FAA)'!D52 -> Ton | E40: 81 | F40: =C40*E40 -> 1846800 | G40: 85 | H40: =C40*G40 -> 1938000 | I40: 80 | J40: =C40*I40 -> 1824000 | K40: 82 | L40: =C40*K40 -> 1869600 | M40: 85 | N40: =C40*M40 -> 1938000 | O40: 85 | P40: =C40*O40 -> 1938000 | Q40: 90 | R40: =C40*Q40 -> 2052000
A41: ='Bid Item List A (FAA)'!$A53 -> 0034 | B41: ='Bid Item List A (FAA)'!B53 -> Portland Cement Concrete (PCC) Pavement (Item P-501) | C41: ='Bid Item List A (FAA)'!C53 -> 48500 | D41: ='Bid Item List A (FAA)'!D53 -> SY | E41: 110 | F41: =C41*E41 -> 5335000 | G41: 100 | H41: =C41*G41 -> 4850000 | I41: 95 | J41: =C41*I41 -> 4607500 | K41: 100 | L41: =C41*K41 -> 4850000 | M41: 105 | N41: =C41*M41 -> 5092500 | O41: 110 | P41: =C41*O41 -> 5335000 | Q41: 105 | R41: =C41*Q41 -> 5092500
A42: ='Bid Item List A (FAA)'!$A54 -> 0035 | B42: ='Bid Item List A (FAA)'!B54 -> Bituminous Prime Coat (Item P-602) | C42: ='Bid Item List A (FAA)'!C54 -> 2800 | D42: ='Bid Item List A (FAA)'!D54 -> Gal | E42: 8 | F42: =C42*E42 -> 22400 | G42: 6 | H42: =C42*G42 -> 16800 | I42: 3.5 | J42: =C42*I42 -> 9800 | K42: 5.1 | L42: =C42*K42 -> 14280 | M42: 7.5 | N42: =C42*M42 -> 21000 | O42: 7.5 | P42: =C42*O42 -> 21000 | Q42: 22.5 | R42: =C42*Q42 -> 63000
A43: ='Bid Item List A (FAA)'!A55 -> 0036 | B43: ='Bid Item List A (FAA)'!B55 -> Bituminous Tack Coat (Item P-603) | C43: ='Bid Item List A (FAA)'!C55 -> 600 | D43: ='Bid Item List A (FAA)'!D55 -> Gal | E43: 8 | F43: =C43*E43 -> 4800 | G43: 8 | H43: =C43*G43 -> 4800 | I43: 7.3 | J43: =C43*I43 -> 4380 | K43: 7.5 | L43: =C43*K43 -> 4500 | M43: 7.5 | N43: =C43*M43 -> 4500 | O43: 10 | P43: =C43*O43 -> 6000 | Q43: 22.5 | R43: =C43*Q43 -> 13500
A44: ='Bid Item List A (FAA)'!A56 -> 0037 | B44: ='Bid Item List A (FAA)'!B56 -> Compression Joint Sealant (Item P-604) | C44: ='Bid Item List A (FAA)'!C56 -> 39900 | D44: ='Bid Item List A (FAA)'!D56 -> LF | E44: 6 | F44: =C44*E44 -> 239400 | G44: 8 | H44: =C44*G44 -> 319200 | I44: 7 | J44: =C44*I44 -> 279300 | K44: 7.2 | L44: =C44*K44 -> 287280 | M44: 6 | N44: =C44*M44 -> 239400 | O44: 6.5 | P44: =C44*O44 -> 259350 | Q44: 3 | R44: =C44*Q44 -> 119700
A45: ='Bid Item List A (FAA)'!A57 -> 0038 | B45: ='Bid Item List A (FAA)'!B57 -> Joint Sealant (Item P-605) | C45: ='Bid Item List A (FAA)'!C57 -> 300 | D45: ='Bid Item List A (FAA)'!D57 -> Gal | E45: 220 | F45: =C45*E45 -> 66000 | G45: 160 | H45: =C45*G45 -> 48000 | I45: 145 | J45: =C45*I45 -> 43500 | K45: 225 | L45: =C45*K45 -> 67500 | M45: 230 | N45: =C45*M45 -> 69000 | O45: 250 | P45: =C45*O45 -> 75000 | Q45: 300 | R45: =C45*Q45 -> 90000
A46: ='Bid Item List A (FAA)'!$A58 -> 0039 | B46: ='Bid Item List A (FAA)'!B58 -> Adhesive Compound (Item P-606) | C46: ='Bid Item List A (FAA)'!C58 -> 300 | D46: ='Bid Item List A (FAA)'!D58 -> Gal | E46: 55 | F46: =C46*E46 -> 16500 | G46: 240 | H46: =C46*G46 -> 72000 | I46: 205 | J46: =C46*I46 -> 61500 | K46: 313 | L46: =C46*K46 -> 93900 | M46: 220 | N46: =C46*M46 -> 66000 | O46: 250 | P46: =C46*O46 -> 75000 | Q46: 300 | R46: =C46*Q46 -> 90000
A47: ='Bid Item List A (FAA)'!A59 -> 0040 | B47: ='Bid Item List A (FAA)'!B59 -> Structural Portland Cement Concrete (PCC) (Item P-610) | C47: ='Bid Item List A (FAA)'!C59 -> 250 | D47: ='Bid Item List A (FAA)'!D59 -> CY | E47: 250 | F47: =C47*E47 -> 62500 | G47: 365 | H47: =C47*G47 -> 91250 | I47: 315 | J47: =C47*I47 -> 78750 | K47: 325 | L47: =C47*K47 -> 81250 | M47: 340 | N47: =C47*M47 -> 85000 | O47: 300 | P47: =C47*O47 -> 75000 | Q47: 125 | R47: =C47*Q47 -> 31250
A48: ='Bid Item List A (FAA)'!A60 -> 0041 | B48: ='Bid Item List A (FAA)'!B60 -> Steel Reinforcement (Item P-610) | C48: ='Bid Item List A (FAA)'!C60 -> 5600 | D48: ='Bid Item List A (FAA)'!D60 -> LB | E48: 5 | F48: =C48*E48 -> 28000 | G48: 5 | H48: =C48*G48 -> 28000 | I48: 3.8 | J48: =C48*I48 -> 21280 | K48: 4.3 | L48: =C48*K48 -> 24080 | M48: 4.5 | N48: =C48*M48 -> 25200 | O48: 1.5 | P48: =C48*O48 -> 8400 | Q48: 0.5 | R48: =C48*Q48 -> 2800
A49: ='Bid Item List A (FAA)'!A61 -> 0042 | B49: ='Bid Item List A (FAA)'!B61 -> Pavement Marking (Item P-620) | C49: ='Bid Item List A (FAA)'!C61 -> 36000 | D49: ='Bid Item List A (FAA)'!D61 -> SF | E49: 1.25 | F49: =C49*E49 -> 45000 | G49: 1.4 | H49: =C49*G49 -> 50400 | I49: 1.25 | J49: =C49*I49 -> 45000 | K49: 1.3 | L49: =C49*K49 -> 46800 | M49: 1.3 | N49: =C49*M49 -> 46800 | O49: 1.25 | P49: =C49*O49 -> 45000 | Q49: 1.7 | R49: =C49*Q49 -> 61200
A50: ='Bid Item List A (FAA)'!$A62 -> 0043 | B50: ='Bid Item List A (FAA)'!B62 -> Reflective Media (Item P-620) | C50: ='Bid Item List A (FAA)'!C62 -> 2300 | D50: ='Bid Item List A (FAA)'!D62 -> LB | E50: 1.75 | F50: =C50*E50 -> 4025 | G50: 2 | H50: =C50*G50 -> 4600 | I50: 1.75 | J50: =C50*I50 -> 4025 | K50: 1.8 | L50: =C50*K50 -> 4140 | M50: 1.8 | N50: =C50*M50 -> 4140 | O50: 1.75 | P50: =C50*O50 -> 4025 | Q50: 0.5 | R50: =C50*Q50 -> 1150
A51: ='Bid Item List A (FAA)'!A63 -> 0044 | B51: ='Bid Item List A (FAA)'!B63 -> Phasing Pavement Marking (Item P-620) | C51: ='Bid Item List A (FAA)'!C63 -> 22500 | D51: ='Bid Item List A (FAA)'!D63 -> SF | E51: 1 | F51: =C51*E51 -> 22500 | G51: 0.95 | H51: =C51*G51 -> 21375 | I51: 2.35 | J51: =C51*I51 -> 52875 | K51: 0.9 | L51: =C51*K51 -> 20250 | M51: 1 | N51: =C51*M51 -> 22500 | O51: 2.5 | P51: =C51*O51 -> 56250 | Q51: 2 | R51: =C51*Q51 -> 45000
A52: ='Bid Item List A (FAA)'!A64 -> 0045 | B52: ='Bid Item List A (FAA)'!B64 -> Saw-Cut Grooving (Item P-621) | C52: ='Bid Item List A (FAA)'!C64 -> 450 | D52: ='Bid Item List A (FAA)'!D64 -> SY | E52: 10 | F52: =C52*E52 -> 4500 | G52: 55 | H52: =C52*G52 -> 24750 | I52: 4 | J52: =C52*I52 -> 1800 | K52: 6.1 | L52: =C52*K52 -> 2745 | M52: 6 | N52: =C52*M52 -> 2700 | O52: 5 | P52: =C52*O52 -> 2250 | Q52: 15 | R52: =C52*Q52 -> 6750
A53: ='Bid Item List A (FAA)'!A65 -> 0046 | B53: ='Bid Item List A (FAA)'!B65 -> 4-Inch STS Pipe (Item D-701) | C53: ='Bid Item List A (FAA)'!C65 -> 210 | D53: ='Bid Item List A (FAA)'!D65 -> LF | E53: 50 | F53: =C53*E53 -> 10500 | G53: 36 | H53: =C53*G53 -> 7560 | I53: 30 | J53: =C53*I53 -> 6300 | K53: 99 | L53: =C53*K53 -> 20790 | M53: 31 | N53: =C53*M53 -> 6510 | O53: 75 | P53: =C53*O53 -> 15750 | Q53: 40 | R53: =C53*Q53 -> 8400
A54: ='Bid Item List A (FAA)'!$A66 -> 0047 | B54: ='Bid Item List A (FAA)'!B66 -> 6-Inch STS Pipe (Item D-701) | C54: ='Bid Item List A (FAA)'!C66 -> 1061 | D54: ='Bid Item List A (FAA)'!D66 -> LF | E54: 60 | F54: =C54*E54 -> 63660 | G54: 28 | H54: =C54*G54 -> 29708 | I54: 35 | J54: =C54*I54 -> 37135 | K54: 22 | L54: =C54*K54 -> 23342 | M54: 34 | N54: =C54*M54 -> 36074 | O54: 35 | P54: =C54*O54 -> 37135 | Q54: 45 | R54: =C54*Q54 -> 47745
A55: ='Bid Item List A (FAA)'!A67 -> 0048 | B55: ='Bid Item List A (FAA)'!B67 -> 12-Inch STS Pipe (Item D-701) | C55: ='Bid Item List A (FAA)'!C67 -> 1682 | D55: ='Bid Item List A (FAA)'!D67 -> LF | E55: 70 | F55: =C55*E55 -> 117740 | G55: 38 | H55: =C55*G55 -> 63916 | I55: 45 | J55: =C55*I55 -> 75690 | K55: 50 | L55: =C55*K55 -> 84100 | M55: 45 | N55: =C55*M55 -> 75690 | O55: 55 | P55: =C55*O55 -> 92510 | Q55: 60 | R55: =C55*Q55 -> 100920
A56: ='Bid Item List A (FAA)'!A68 -> 0049 | B56: ='Bid Item List A (FAA)'!B68 -> 12-Inch RCP Pipe (Item D-701) | C56: ='Bid Item List A (FAA)'!C68 -> 707 | D56: ='Bid Item List A (FAA)'!D68 -> LF | E56: 72 | F56: =C56*E56 -> 50904 | G56: 55 | H56: =C56*G56 -> 38885 | I56: 60 | J56: =C56*I56 -> 42420 | K56: 76 | L56: =C56*K56 -> 53732 | M56: 87 | N56: =C56*M56 -> 61509 | O56: 60 | P56: =C56*O56 -> 42420 | Q56: 65 | R56: =C56*Q56 -> 45955
A57: ='Bid Item List A (FAA)'!A69 -> 0050 | B57: ='Bid Item List A (FAA)'!B69 -> 18-Inch STS Pipe (Item D-701) | C57: ='Bid Item List A (FAA)'!C69 -> 743 | D57: ='Bid Item List A (FAA)'!D69 -> LF | E57: 88 | F57: =C57*E57 -> 65384 | G57: 63 | H57: =C57*G57 -> 46809 | I57: 70 | J57: =C57*I57 -> 52010 | K57: 75 | L57: =C57*K57 -> 55725 | M57: 101 | N57: =C57*M57 -> 75043 | O57: 155 | P57: =C57*O57 -> 115165 | Q57: 95 | R57: =C57*Q57 -> 70585
A58: ='Bid Item List A (FAA)'!$A70 -> 0051 | B58: ='Bid Item List A (FAA)'!B70 -> 24-Inch STS Pipe (Item D-701) | C58: ='Bid Item List A (FAA)'!C70 -> 192 | D58: ='Bid Item List A (FAA)'!D70 -> LF | E58: 100 | F58: =C58*E58 -> 19200 | G58: 82.5 | H58: =C58*G58 -> 15840 | I58: 95 | J58: =C58*I58 -> 18240 | K58: 100 | L58: =C58*K58 -> 19200 | M58: 160 | N58: =C58*M58 -> 30720 | O58: 415 | P58: =C58*O58 -> 79680 | Q58: 200 | R58: =C58*Q58 -> 38400
A59: ='Bid Item List A (FAA)'!$A71 -> 0052 | B59: ='Bid Item List A (FAA)'!B71 -> 24-Inch RCP Pipe (Item D-701) | C59: ='Bid Item List A (FAA)'!C71 -> 251 | D59: ='Bid Item List A (FAA)'!D71 -> LF | E59: 106 | F59: =C59*E59 -> 26606 | G59: 121 | H59: =C59*G59 -> 30371 | I59: 120 | J59: =C59*I59 -> 30120 | K59: 106 | L59: =C59*K59 -> 26606 | M59: 175 | N59: =C59*M59 -> 43925 | O59: 115 | P59: =C59*O59 -> 28865 | Q59: 200 | R59: =C59*Q59 -> 50200
A60: ='Bid Item List A (FAA)'!A72 -> 0053 | B60: ='Bid Item List A (FAA)'!B72 -> 48-Inch STS Pipe (Item D-701) | C60: ='Bid Item List A (FAA)'!C72 -> 1020 | D60: ='Bid Item List A (FAA)'!D72 -> LF | E60: 300 | F60: =C60*E60 -> 306000 | G60: 226 | H60: =C60*G60 -> 230520 | I60: 220 | J60: =C60*I60 -> 224400 | K60: 260 | L60: =C60*K60 -> 265200 | M60: 235 | N60: =C60*M60 -> 239700 | O60: 480 | P60: =C60*O60 -> 489600 | Q60: 300 | R60: =C60*Q60 -> 306000
A61: ='Bid Item List A (FAA)'!A73 -> 0054 | B61: ='Bid Item List A (FAA)'!B73 -> 6-Inch Perforated Pipe Underdrains (Item D-705) | C61: ='Bid Item List A (FAA)'!C73 -> 5379 | D61: ='Bid Item List A (FAA)'!D73 -> LF | E61: 25 | F61: =C61*E61 -> 134475 | G61: 26.5 | H61: =C61*G61 -> 142543.5 | I61: 24 | J61: =C61*I61 -> 129096 | K61: 33 | L61: =C61*K61 -> 177507 | M61: 25 | N61: =C61*M61 -> 134475 | O61: 23 | P61: =C61*O61 -> 123717 | Q61: 20 | R61: =C61*Q61 -> 107580
A62: ='Bid Item List A (FAA)'!A74 -> 0055 | B62: ='Bid Item List A (FAA)'!B74 -> 48-Inch Manhole, Type A (Item D-751) | C62: ='Bid Item List A (FAA)'!C74 -> 1 | D62: ='Bid Item List A (FAA)'!D74 -> Each | E62: 4000 | F62: =C62*E62 -> 4000 | G62: 5425 | H62: =C62*G62 -> 5425 | I62: 5000 | J62: =C62*I62 -> 5000 | K62: 6700 | L62: =C62*K62 -> 6700 | M62: 4400 | N62: =C62*M62 -> 4400 | O62: 7000 | P62: =C62*O62 -> 7000 | Q62: 6000 | R62: =C62*Q62 -> 6000
A63: ='Bid Item List A (FAA)'!$A75 -> 0056 | B63: ='Bid Item List A (FAA)'!B75 -> 48-Inch Manhole, Type B (Item D-751) | C63: ='Bid Item List A (FAA)'!C75 -> 6 | D63: ='Bid Item List A (FAA)'!D75 -> Each | E63: 4500 | F63: =C63*E63 -> 27000 | G63: 4550 | H63: =C63*G63 -> 27300 | I63: 4500 | J63: =C63*I63 -> 27000 | K63: 6000 | L63: =C63*K63 -> 36000 | M63: 4200 | N63: =C63*M63 -> 25200 | O63: 6000 | P63: =C63*O63 -> 36000 | Q63: 6000 | R63: =C63*Q63 -> 36000
A64: ='Bid Item List A (FAA)'!A76 -> 0057 | B64: ='Bid Item List A (FAA)'!B76 -> 60-Inch Manhole, Type B (Item D-751) | C64: ='Bid Item List A (FAA)'!C76 -> 1 | D64: ='Bid Item List A (FAA)'!D76 -> Each | E64: 7000 | F64: =C64*E64 -> 7000 | G64: 7875 | H64: =C64*G64 -> 7875 | I64: 6000 | J64: =C64*I64 -> 6000 | K64: 8900 | L64: =C64*K64 -> 8900 | M64: 5600 | N64: =C64*M64 -> 5600 | O64: 9000 | P64: =C64*O64 -> 9000 | Q64: 8000 | R64: =C64*Q64 -> 8000
A65: ='Bid Item List A (FAA)'!A77 -> 0058 | B65: ='Bid Item List A (FAA)'!B77 -> 72-Inch Manhole, Type A (Item D-751) | C65: ='Bid Item List A (FAA)'!C77 -> 1 | D65: ='Bid Item List A (FAA)'!D77 -> Each | E65: 12000 | F65: =C65*E65 -> 12000 | G65: 11375 | H65: =C65*G65 -> 11375 | I65: 8500 | J65: =C65*I65 -> 8500 | K65: 18900 | L65: =C65*K65 -> 18900 | M65: 7600 | N65: =C65*M65 -> 7600 | O65: 13000 | P65: =C65*O65 -> 13000 | Q65: 11000 | R65: =C65*Q65 -> 11000
A66: ='Bid Item List A (FAA)'!A78 -> 0059 | B66: ='Bid Item List A (FAA)'!B78 -> 72-Inch Manhole, Type B (Item D-751) | C66: ='Bid Item List A (FAA)'!C78 -> 3 | D66: ='Bid Item List A (FAA)'!D78 -> Each | E66: 11000 | F66: =C66*E66 -> 33000 | G66: 8850 | H66: =C66*G66 -> 26550 | I66: 7500 | J66: =C66*I66 -> 22500 | K66: 13000 | L66: =C66*K66 -> 39000 | M66: 8000 | N66: =C66*M66 -> 24000 | O66: 11000 | P66: =C66*O66 -> 33000 | Q66: 11000 | R66: =C66*Q66 -> 33000
A67: ='Bid Item List A (FAA)'!$A79 -> 0060 | B67: ='Bid Item List A (FAA)'!B79 -> 84-Inch Manhole, Type A (Item D-751) | C67: ='Bid Item List A (FAA)'!C79 -> 2 | D67: ='Bid Item List A (FAA)'!D79 -> Each | E67: 17000 | F67: =C67*E67 -> 34000 | G67: 12525 | H67: =C67*G67 -> 25050 | I67: 10000 | J67: =C67*I67 -> 20000 | K67: 33130 | L67: =C67*K67 -> 66260 | M67: 14500 | N67: =C67*M67 -> 29000 | O67: 18000 | P67: =C67*O67 -> 36000 | Q67: 15000 | R67: =C67*Q67 -> 30000
A68: ='Bid Item List A (FAA)'!A80 -> 0061 | B68: ='Bid Item List A (FAA)'!B80 -> 84-Inch Manhole, Type B (Item D-751) | C68: ='Bid Item List A (FAA)'!C80 -> 1 | D68: ='Bid Item List A (FAA)'!D80 -> Each | E68: 17500 | F68: =C68*E68 -> 17500 | G68: 15500 | H68: =C68*G68 -> 15500 | I68: 13000 | J68: =C68*I68 -> 13000 | K68: 26260 | L68: =C68*K68 -> 26260 | M68: 14000 | N68: =C68*M68 -> 14000 | O68: 20000 | P68: =C68*O68 -> 20000 | Q68: 15000 | R68: =C68*Q68 -> 15000
A69: ='Bid Item List A (FAA)'!A81 -> 0062 | B69: ='Bid Item List A (FAA)'!B81 -> Catch Basin (Item D-751) | C69: ='Bid Item List A (FAA)'!C81 -> 31 | D69: ='Bid Item List A (FAA)'!D81 -> Each | E69: 4000 | F69: =C69*E69 -> 124000 | G69: 2775 | H69: =C69*G69 -> 86025 | I69: 3000 | J69: =C69*I69 -> 93000 | K69: 4400 | L69: =C69*K69 -> 136400 | M69: 2600 | N69: =C69*M69 -> 80600 | O69: 3000 | P69: =C69*O69 -> 93000 | Q69: 3500 | R69: =C69*Q69 -> 108500
A70: ='Bid Item List A (FAA)'!A82 -> 0063 | B70: ='Bid Item List A (FAA)'!B82 -> Seeding (Item T-901) | C70: ='Bid Item List A (FAA)'!C82 -> 8.2 | D70: ='Bid Item List A (FAA)'!D82 -> Acre | E70: 2450 | F70: =C70*E70 -> 20090 | G70: 1850 | H70: =C70*G70 -> 15170 | I70: 1650 | J70: =C70*I70 -> 13530 | K70: 1700 | L70: =C70*K70 -> 13940 | M70: 1700 | N70: =C70*M70 -> 13940 | O70: 2000 | P70: =C70*O70 -> 16400 | Q70: 2200 | R70: =C70*Q70 -> 18040
A71: ='Bid Item List A (FAA)'!$A83 -> 0064 | B71: ='Bid Item List A (FAA)'!B83 -> Topsoiling (Item T-905) | C71: ='Bid Item List A (FAA)'!C83 -> 6900 | D71: ='Bid Item List A (FAA)'!D83 -> CY | E71: 18 | F71: =C71*E71 -> 124200 | G71: 13 | H71: =C71*G71 -> 89700 | I71: 17 | J71: =C71*I71 -> 117300 | K71: 10.3 | L71: =C71*K71 -> 71070 | M71: 20 | N71: =C71*M71 -> 138000 | O71: 17 | P71: =C71*O71 -> 117300 | Q71: 20 | R71: =C71*Q71 -> 138000
A72: ='Bid Item List A (FAA)'!A84 -> 0065 | B72: ='Bid Item List A (FAA)'!B84 -> No. 8 AWG 5kV Cable (Item L-108) | C72: ='Bid Item List A (FAA)'!C84 -> 5000 | D72: ='Bid Item List A (FAA)'!D84 -> LF | E72: 1.15 | F72: =C72*E72 -> 5750 | G72: 1.25 | H72: =C72*G72 -> 6250 | I72: 1.15 | J72: =C72*I72 -> 5750 | K72: 1.15 | L72: =C72*K72 -> 5750 | M72: 1.15 | N72: =C72*M72 -> 5750 | O72: 1.2 | P72: =C72*O72 -> 6000 | Q72: 1.8 | R72: =C72*Q72 -> 9000
A73: ='Bid Item List A (FAA)'!A85 -> 0066 | B73: ='Bid Item List A (FAA)'!B85 -> No. 6 AWG Solid Wire for Counterpoise (Item L-108) | C73: ='Bid Item List A (FAA)'!C85 -> 1060 | D73: ='Bid Item List A (FAA)'!D85 -> LF | E73: 0.95 | F73: =C73*E73 -> 1007 | G73: 1 | H73: =C73*G73 -> 1060 | I73: 1 | J73: =C73*I73 -> 1060 | K73: 0.95 | L73: =C73*K73 -> 1007 | M73: 1 | N73: =C73*M73 -> 1060 | O73: 1 | P73: =C73*O73 -> 1060 | Q73: 1.25 | R73: =C73*Q73 -> 1325
A74: ='Bid Item List A (FAA)'!A86 -> 0067 | B74: ='Bid Item List A (FAA)'!B86 -> Ground Rod for Counterpoise (Item L-108) | C74: ='Bid Item List A (FAA)'!C86 -> 6 | D74: ='Bid Item List A (FAA)'!D86 -> Each | E74: 160 | F74: =C74*E74 -> 960 | G74: 175 | H74: =C74*G74 -> 1050 | I74: 165 | J74: =C74*I74 -> 990 | K74: 164 | L74: =C74*K74 -> 984 | M74: 165 | N74: =C74*M74 -> 990 | O74: 200 | P74: =C74*O74 -> 1200 | Q74: 200 | R74: =C74*Q74 -> 1200
A75: ='Bid Item List A (FAA)'!$A87 -> 0068 | B75: ='Bid Item List A (FAA)'!B87 -> 2-Inch PVC Direct Buried (Item L-110) | C75: ='Bid Item List A (FAA)'!C87 -> 65 | D75: ='Bid Item List A (FAA)'!D87 -> LF | E75: 10 | F75: =C75*E75 -> 650 | G75: 11 | H75: =C75*G75 -> 715 | I75: 10 | J75: =C75*I75 -> 650 | K75: 10.5 | L75: =C75*K75 -> 682.5 | M75: 10 | N75: =C75*M75 -> 650 | O75: 11 | P75: =C75*O75 -> 715 | Q75: 7.5 | R75: =C75*Q75 -> 487.5
A76: ='Bid Item List A (FAA)'!$A88 -> 0069 | B76: ='Bid Item List A (FAA)'!B88 -> 2-Inch PVC in Existing AC (Item L-110) | C76: ='Bid Item List A (FAA)'!C88 -> 1175 | D76: ='Bid Item List A (FAA)'!D88 -> LF | E76: 20 | F76: =C76*E76 -> 23500 | G76: 21 | H76: =C76*G76 -> 24675 | I76: 20 | J76: =C76*I76 -> 23500 | K76: 20.1 | L76: =C76*K76 -> 23617.5 | M76: 20 | N76: =C76*M76 -> 23500 | O76: 21 | P76: =C76*O76 -> 24675 | Q76: 13.5 | R76: =C76*Q76 -> 15862.5
A77: ='Bid Item List A (FAA)'!A89 -> 0070 | B77: ='Bid Item List A (FAA)'!B89 -> General Electrical Removal (Section 260500) | C77: ='Bid Item List A (FAA)'!C89 -> 1 | D77: ='Bid Item List A (FAA)'!D89 -> LS | E77: 12 | F77: =C77*E77 -> 12 | G77: 13 | H77: =C77*G77 -> 13 | I77: 12 | J77: =C77*I77 -> 12 | K77: 12.25 | L77: =C77*K77 -> 12.25 | M77: 13 | N77: =C77*M77 -> 13 | O77: 13 | P77: =C77*O77 -> 13 | Q77: 13.5 | R77: =C77*Q77 -> 13.5
A78: ='Bid Item List A (FAA)'!A90 -> 0071 | B78: ='Bid Item List A (FAA)'!B90 -> Temporary Circuit Connection (Section 260500) | C78: ='Bid Item List A (FAA)'!C90 -> 1 | D78: ='Bid Item List A (FAA)'!D90 -> LS | E78: 21 | F78: =C78*E78 -> 21 | G78: 23 | H78: =C78*G78 -> 23 | I78: 21 | J78: =C78*I78 -> 21 | K78: 21.5 | L78: =C78*K78 -> 21.5 | M78: 21 | N78: =C78*M78 -> 21 | O78: 22 | P78: =C78*O78 -> 22 | Q78: 27 | R78: =C78*Q78 -> 27
A79: ='Bid Item List A (FAA)'!A91 -> 0072 | B79: ='Bid Item List A (FAA)'!B91 -> Removal of Existing Storm Pipe, Manholes, and Inlets (Section 312300) | C79: ='Bid Item List A (FAA)'!C91 -> 1 | D79: ='Bid Item List A (FAA)'!D91 -> LS | E79: 31 | F79: =C79*E79 -> 31 | G79: 34 | H79: =C79*G79 -> 34 | I79: 31 | J79: =C79*I79 -> 31 | K79: 31.6 | L79: =C79*K79 -> 31.6 | M79: 31.5 | N79: =C79*M79 -> 31.5 | O79: 32 | P79: =C79*O79 -> 32 | Q79: 25 | R79: =C79*Q79 -> 25
A80: ='Bid Item List A (FAA)'!$A92 -> 0073 | B80: ='Bid Item List A (FAA)'!B92 -> Connection to Existing Storm Drainage System (Section 312300) | C80: ='Bid Item List A (FAA)'!C92 -> 0 | D80: ='Bid Item List A (FAA)'!D92 -> Each | E80: 26 | F80: =C80*E80 -> 0 | G80: 28 | H80: =C80*G80 -> 0 | I80: 26 | J80: =C80*I80 -> 0 | K80: 26.5 | L80: =C80*K80 -> 0 | M80: 27 | N80: =C80*M80 -> 0 | O80: 27 | P80: =C80*O80 -> 0 | Q80: 85 | R80: =C80*Q80 -> 0
A81: ='Bid Item List A (FAA)'!A93 -> 0074 | B81: ='Bid Item List A (FAA)'!B93 -> Existing Manhole Adjustment to Grade (Section 312300) | C81: ='Bid Item List A (FAA)'!C93 -> 0 | D81: ='Bid Item List A (FAA)'!D93 -> Each | E81: 16 | F81: =C81*E81 -> 0 | G81: 17 | H81: =C81*G81 -> 0 | I81: 16 | J81: =C81*I81 -> 0 | K81: 16.5 | L81: =C81*K81 -> 0 | M81: 17.5 | N81: =C81*M81 -> 0 | O81: 20 | P81: =C81*O81 -> 0 | Q81: 40 | R81: =C81*Q81 -> 0
A82: ='Bid Item List A (FAA)'!A94 -> 0075 | B82: ='Bid Item List A (FAA)'!B94 -> Existing Catch Basin Adjustment to Grade (Section 312300) | C82: ='Bid Item List A (FAA)'!C94 -> 0 | D82: ='Bid Item List A (FAA)'!D94 -> Each | E82: 18 | F82: =C82*E82 -> 0 | G82: 19 | H82: =C82*G82 -> 0 | I82: 18 | J82: =C82*I82 -> 0 | K82: 18.4 | L82: =C82*K82 -> 0 | M82: 18 | N82: =C82*M82 -> 0 | O82: 25 | P82: =C82*O82 -> 0 | Q82: 50 | R82: =C82*Q82 -> 0
A83: ='Bid Item List A (FAA)'!A95 -> 0076 | B83: ='Bid Item List A (FAA)'!B95 -> Existing Electrical Vault Adjustment to Grade (Section 312300) | C83: ='Bid Item List A (FAA)'!C95 -> 2 | D83: ='Bid Item List A (FAA)'!D95 -> Each | E83: 22 | F83: =C83*E83 -> 44 | G83: 24 | H83: =C83*G83 -> 48 | I83: 22 | J83: =C83*I83 -> 44 | K83: 22.5 | L83: =C83*K83 -> 45 | M83: 22 | N83: =C83*M83 -> 44 | O83: 26 | P83: =C83*O83 -> 52 | Q83: 55 | R83: =C83*Q83 -> 110
A84: ='Bid Item List A (FAA)'!$A96 -> 0077 | B84: ='Bid Item List A (FAA)'!B96 -> 12-Inch Ductile Iron (Force Main) Pipe (Section 334100) | C84: ='Bid Item List A (FAA)'!C96 -> 0 | D84: ='Bid Item List A (FAA)'!D96 -> LF | E84: 22 | F84: =C84*E84 -> 0 | G84: 22 | H84: =C84*G84 -> 0 | I84: 21 | J84: =C84*I84 -> 0 | K84: 21.5 | L84: =C84*K84 -> 0 | M84: 22 | N84: =C84*M84 -> 0 | O84: 30 | P84: =C84*O84 -> 0 | Q84: 57.5 | R84: =C84*Q84 -> 0
A85: ='Bid Item List A (FAA)'!A97 -> 0078 | B85: ='Bid Item List A (FAA)'!B97 -> 20-Inch Ductile Iron (Force Main) Pipe (Section 334100) | C85: ='Bid Item List A (FAA)'!C97 -> 0 | D85: ='Bid Item List A (FAA)'!D97 -> LF | E85: 72 | F85: =C85*E85 -> 0 | G85: 75 | H85: =C85*G85 -> 0 | I85: 70 | J85: =C85*I85 -> 0 | K85: 71 | L85: =C85*K85 -> 0 | M85: 72 | N85: =C85*M85 -> 0 | O85: 80 | P85: =C85*O85 -> 0 | Q85: 55 | R85: =C85*Q85 -> 0
A86: ='Bid Item List A (FAA)'!A98 -> 0079 | B86: ='Bid Item List A (FAA)'!B98 -> Riprap (Section 334100) | C86: ='Bid Item List A (FAA)'!C98 -> 0 | D86: ='Bid Item List A (FAA)'!D98 -> CY | E86: 33000 | F86: =C86*E86 -> 0 | G86: 65000 | H86: =C86*G86 -> 0 | I86: 100000 | J86: =C86*I86 -> 0 | K86: 141000 | L86: =C86*K86 -> 0 | M86: 35000 | N86: =C86*M86 -> 0 | O86: 50000 | P86: =C86*O86 -> 0 | Q86: 140000 | R86: =C86*Q86 -> 0
A87: ='Bid Item List A (FAA)'!A99 -> 0080 | B87: ='Bid Item List A (FAA)'!B99 -> Stormwater Pump Station, Electrical Equipment Installation (Section 334213) | C87: ='Bid Item List A (FAA)'!C99 -> 1 | D87: ='Bid Item List A (FAA)'!D99 -> LS | E87: 10000 | F87: =C87*E87 -> 10000 | G87: 10500 | H87: =C87*G87 -> 10500 | I87: 25000 | J87: =C87*I87 -> 25000 | K87: 9800 | L87: =C87*K87 -> 9800 | M87: 9000 | N87: =C87*M87 -> 9000 | O87: 10000 | P87: =C87*O87 -> 10000 | Q87: 50000 | R87: =C87*Q87 -> 50000
A88: ='Bid Item List A (FAA)'!$A100 -> 0081 | B88: ='Bid Item List A (FAA)'!B100 -> Stormwater Valve Vault (Section 334213) | C88: ='Bid Item List A (FAA)'!C100 -> 1 | D88: ='Bid Item List A (FAA)'!D100 -> LS | E88: 3200 | F88: =C88*E88 -> 3200 | G88: 7000 | H88: =C88*G88 -> 7000 | I88: 3500 | J88: =C88*I88 -> 3500 | K88: 4200 | L88: =C88*K88 -> 4200 | M88: 3200 | N88: =C88*M88 -> 3200 | O88: 4000 | P88: =C88*O88 -> 4000 | Q88: 3000 | R88: =C88*Q88 -> 3000
A89: ='Bid Item List A (FAA)'!A101 -> 0082 | B89: ='Bid Item List A (FAA)'!B101 -> Install PF LED Taxiway Centerline Light with PF Base Can, CF Transformer in New AC (Section 344300) | C89: ='Bid Item List A (FAA)'!C101 -> 22 | D89: ='Bid Item List A (FAA)'!D101 -> Each | E89: 100000 | F89: =C89*E89 -> 2200000 | G89: 105000 | H89: =C89*G89 -> 2310000 | I89: 150000 | J89: =C89*I89 -> 3300000 | K89: 267000 | L89: =C89*K89 -> 5874000 | M89: 45000 | N89: =C89*M89 -> 990000 | O89: 60000 | P89: =C89*O89 -> 1320000 | Q89: 75000 | R89: =C89*Q89 -> 1650000
A90: ='Bid Item List A (FAA)'!A102 -> 0083 | B90: ='Bid Item List A (FAA)'!B102 -> Install PF LED Taxiway Centerline Light on Existing Base Can with CF Isolation Transformer (Section 344300) | C90: ='Bid Item List A (FAA)'!C102 -> 9 | D90: ='Bid Item List A (FAA)'!D102 -> Each | E90: 2000 | F90: =C90*E90 -> 18000 | G90: 1100 | H90: =C90*G90 -> 9900 | I90: 1000 | J90: =C90*I90 -> 9000 | K90: 1375 | L90: =C90*K90 -> 12375 | M90: 1500 | N90: =C90*M90 -> 13500 | O90: 1000 | P90: =C90*O90 -> 9000 | Q90: 1200 | R90: =C90*Q90 -> 10800
A91: ='Bid Item List A (FAA)'!A103 -> 0084 | B91: ='Bid Item List A (FAA)'!B103 -> Adjust Existing Elevated Runway Threshold Light (Section 344301) | C91: ='Bid Item List A (FAA)'!C103 -> 8 | D91: ='Bid Item List A (FAA)'!D103 -> Each | E91: 1600 | F91: =C91*E91 -> 12800 | G91: 850 | H91: =C91*G91 -> 6800 | I91: 500 | J91: =C91*I91 -> 4000 | K91: 1030 | L91: =C91*K91 -> 8240 | M91: 750 | N91: =C91*M91 -> 6000 | O91: 1500 | P91: =C91*O91 -> 12000 | Q91: 750 | R91: =C91*Q91 -> 6000
A92: ='Bid Item List A (FAA)'!$A104 -> 0085 | B92: ='Bid Item List A (FAA)'!B104 -> Adjust Existing In-Pavement Runway Edge Light (Section 344301) | C92: ='Bid Item List A (FAA)'!C104 -> 8 | D92: ='Bid Item List A (FAA)'!D104 -> Each | E92: 900 | F92: =C92*E92 -> 7200 | G92: 950 | H92: =C92*G92 -> 7600 | I92: 1000 | J92: =C92*I92 -> 8000 | K92: 2600 | L92: =C92*K92 -> 20800 | M92: 500 | N92: =C92*M92 -> 4000 | O92: 1500 | P92: =C92*O92 -> 12000 | Q92: 1000 | R92: =C92*Q92 -> 8000
A93: ='Bid Item List A (FAA)'!$A105 -> 0086 | B93: ='Bid Item List A (FAA)'!B105 -> Adjust Existing In-Pavement Stop Bar Light (Section 344301) | C93: ='Bid Item List A (FAA)'!C105 -> 15 | D93: ='Bid Item List A (FAA)'!D105 -> Each | E93: 1200 | F93: =C93*E93 -> 18000 | G93: 2500 | H93: =C93*G93 -> 37500 | I93: 1150 | J93: =C93*I93 -> 17250 | K93: 1150 | L93: =C93*K93 -> 17250 | M93: 1125 | N93: =C93*M93 -> 16875 | O93: 1300 | P93: =C93*O93 -> 19500 | Q93: 1000 | R93: =C93*Q93 -> 15000
A94: ='Bid Item List A (FAA)'!A106 -> 0087 | B94: ='Bid Item List A (FAA)'!B106 -> Sign E6-6 (Section 344302) | C94: ='Bid Item List A (FAA)'!C106 -> 1 | D94: ='Bid Item List A (FAA)'!D106 -> LS | E94: 940 | F94: =C94*E94 -> 940 | G94: 1000 | H94: =C94*G94 -> 1000 | I94: 950 | J94: =C94*I94 -> 950 | K94: 950 | L94: =C94*K94 -> 950 | M94: 940 | N94: =C94*M94 -> 940 | O94: 1100 | P94: =C94*O94 -> 1100 | Q94: 1500 | R94: =C94*Q94 -> 1500
A95: ='Bid Item List A (FAA)'!A107 -> 0088 | B95: ='Bid Item List A (FAA)'!B107 -> Sign E6-9 (Section 344302) | C95: ='Bid Item List A (FAA)'!C107 -> 1 | D95: ='Bid Item List A (FAA)'!D107 -> LS | E95: 910 | F95: =C95*E95 -> 910 | G95: 975 | H95: =C95*G95 -> 975 | I95: 950 | J95: =C95*I95 -> 950 | K95: 925 | L95: =C95*K95 -> 925 | M95: 910 | N95: =C95*M95 -> 910 | O95: 1000 | P95: =C95*O95 -> 1000 | Q95: 1450 | R95: =C95*Q95 -> 1450
A96: ='Bid Item List A (FAA)'!A108 -> 0089 | B96: ='Bid Item List A (FAA)'!B108 -> Sign G-3 (Section 344302) | C96: ='Bid Item List A (FAA)'!C108 -> 1 | D96: ='Bid Item List A (FAA)'!D108 -> LS | E96: 940 | F96: =C96*E96 -> 940 | G96: 1000 | H96: =C96*G96 -> 1000 | I96: 950 | J96: =C96*I96 -> 950 | K96: 950 | L96: =C96*K96 -> 950 | M96: 940 | N96: =C96*M96 -> 940 | O96: 1100 | P96: =C96*O96 -> 1100 | Q96: 1550 | R96: =C96*Q96 -> 1550
A97: ='Bid Item List A (FAA)'!#REF! -> #REF! | B97: ='Bid Item List A (FAA)'!#REF! -> #REF! | C97: ='Bid Item List A (FAA)'!#REF! -> #REF! | D97: ='Bid Item List A (FAA)'!#REF! -> #REF! | E97: 1100 | F97: =C97*E97 -> #REF! | G97: 1150 | H97: =C97*G97 -> #REF! | I97: 1100 | J97: =C97*I97 -> #REF! | K97: 1100 | L97: =C97*K97 -> #REF! | M97: 1100 | N97: =C97*M97 -> #REF! | O97: 1200 | P97: =C97*O97 -> #REF! | Q97: 1450 | R97: =C97*Q97 -> #REF!
A98: ='Bid Item List A (FAA)'!#REF! -> #REF! | B98: ='Bid Item List A (FAA)'!#REF! -> #REF! | C98: ='Bid Item List A (FAA)'!#REF! -> #REF! | D98: ='Bid Item List A (FAA)'!#REF! -> #REF! | E98: 1025 | F98: =C98*E98 -> #REF! | G98: 1100 | H98: =C98*G98 -> #REF! | I98: 1100 | J98: =C98*I98 -> #REF! | K98: 1050 | L98: =C98*K98 -> #REF! | M98: 1050 | N98: =C98*M98 -> #REF! | O98: 1100 | P98: =C98*O98 -> #REF! | Q98: 2500 | R98: =C98*Q98 -> #REF!
A99: ='Bid Item List A (FAA)'!#REF! -> #REF! | B99: ='Bid Item List A (FAA)'!#REF! -> #REF! | C99: ='Bid Item List A (FAA)'!#REF! -> #REF! | D99: ='Bid Item List A (FAA)'!#REF! -> #REF! | E99: 1100 | F99: =C99*E99 -> #REF! | G99: 1150 | H99: =C99*G99 -> #REF! | I99: 1100 | J99: =C99*I99 -> #REF! | K99: 1100 | L99: =C99*K99 -> #REF! | M99: 1080 | N99: =C99*M99 -> #REF! | O99: 1100 | P99: =C99*O99 -> #REF! | Q99: 1500 | R99: =C99*Q99 -> #REF!
A100: ='Bid Item List A (FAA)'!#REF! -> #REF! | B100: ='Bid Item List A (FAA)'!#REF! -> #REF! | C100: ='Bid Item List A (FAA)'!#REF! -> #REF! | D100: ='Bid Item List A (FAA)'!#REF! -> #REF! | E100: 1050 | F100: =C100*E100 -> #REF! | G100: 1100 | H100: =C100*G100 -> #REF! | I100: 1100 | J100: =C100*I100 -> #REF! | K100: 1050 | L100: =C100*K100 -> #REF! | M100: 1035 | N100: =C100*M100 -> #REF! | O100: 1100 | P100: =C100*O100 -> #REF! | Q100: 2550 | R100: =C100*Q100 -> #REF!
...

Sheet Bid Tab B (Port)
A1: ='Bid Item List B (Port)'!$A$15 -> PORTLAND INTERNATIONAL AIRPORT | E1: ='Bid Tab A (FAA)'!Contractor1 -> Goodfella Bros., Inc. | G1: ='Bid Tab A (FAA)'!Contractor2 -> K&E Excavating, Inc. | I1: ='Bid Tab A (FAA)'!Contractor3 -> Kerr Contractors Oregon, Inc. | K1: ='Bid Tab A (FAA)'!Contractor4 -> Kodiak Pacific Construction | M1: ='Bid Tab A (FAA)'!Contractor5 -> Nutter Corp. | O1: ='Bid Tab A (FAA)'!Contractor6 -> Wildish Standard Paving Co. | Q1: ='Bid Tab A (FAA)'!EngineerEstimate -> Engineer's Estimate
A2: ='Bid Item List B (Port)'!$A$16 -> TAXIWAY B CENTER AND EXITS REHABILITATION
A3: ='Bid Item List B (Port)'!$A$17 -> 0
A4: ='Bid Tab A (FAA)'!A4:D4 -> EAN 2015D147
A5: ='Bid Tab A (FAA)'!A5:D5 -> Solicitation No. 2016-6920
A6: =TODAY() -> 42754
A7: Item No. | B7: Item Description | C7: Estimated Quantity | D7: Units | E7: Unit Price | F7: Total Price | G7: Unit Price | H7: Total Price | I7: Unit Price | J7: Total Price | K7: Unit Price | L7: Total Price | M7: Unit Price | N7: Total Price | O7: Unit Price | P7: Total Price | Q7: Unit Price | R7: Total Price
A8: ='Bid Item List B (Port)'!A20 -> 0001 | B8: ='Bid Item List B (Port)'!B20 -> Wildlife Access Road, Asphalt Grindings (Section 012200) | C8: ='Bid Item List B (Port)'!C20 -> 200 | D8: ='Bid Item List B (Port)'!D20 -> CY | E8: 100 | F8: =C8*E8 -> 20000 | G8: 12 | H8: =C8*G8 -> 2400 | I8: 15 | J8: =C8*I8 -> 3000 | K8: 0 | L8: =C8*K8 -> 0 | M8: 10 | N8: =C8*M8 -> 2000 | O8: 25 | P8: =C8*O8 -> 5000 | Q8: 35 | R8: =C8*Q8 -> 7000
A9: ='Bid Item List B (Port)'!A21 -> 0002 | B9: ='Bid Item List B (Port)'!B21 -> Heat Shrink for 5kV L-823 Primary Connector (Item L-108) | C9: ='Bid Item List B (Port)'!C21 -> 435 | D9: ='Bid Item List B (Port)'!D21 -> Each | E9: 5 | F9: =C9*E9 -> 2175 | G9: 1 | H9: =C9*G9 -> 435 | I9: 1 | J9: =C9*I9 -> 435 | K9: 0 | L9: =C9*K9 -> 0 | M9: 1 | N9: =C9*M9 -> 435 | O9: 1 | P9: =C9*O9 -> 435 | Q9: 1.25 | R9: =C9*Q9 -> 543.75
A10: ='Bid Item List B (Port)'!A22 -> 0003 | B10: ='Bid Item List B (Port)'!B22 -> 1-Inch IMC in Existing AC (Item L-110) | C10: ='Bid Item List B (Port)'!C22 -> 25 | D10: ='Bid Item List B (Port)'!D22 -> LF | E10: 5 | F10: =C10*E10 -> 125 | G10: 0.7 | H10: =C10*G10 -> 17.5 | I10: 0.75 | J10: =C10*I10 -> 18.75 | K10: 0 | L10: =C10*K10 -> 0 | M10: 1 | N10: =C10*M10 -> 25 | O10: 1 | P10: =C10*O10 -> 25 | Q10: 3.5 | R10: =C10*Q10 -> 87.5
A11: ='Bid Item List B (Port)'!A23 -> 0004 | B11: ='Bid Item List B (Port)'!B23 -> 3-Inch Diameter Brass Marker (Section 260553) | C11: ='Bid Item List B (Port)'!C23 -> 3 | D11: ='Bid Item List B (Port)'!D23 -> Each | E11: 160 | F11: =C11*E11 -> 480 | G11: 160 | H11: =C11*G11 -> 480 | I11: 155 | J11: =C11*I11 -> 465 | K11: 0 | L11: =C11*K11 -> 0 | M11: 160 | N11: =C11*M11 -> 480 | O11: 200 | P11: =C11*O11 -> 600 | Q11: 200 | R11: =C11*Q11 -> 600
A12: ='Bid Item List B (Port)'!#REF! -> #REF! | B12: ='Bid Item List B (Port)'!#REF! -> #REF! | C12: ='Bid Item List B (Port)'!#REF! -> #REF! | D12: ='Bid Item List B (Port)'!#REF! -> #REF! | E12: 36 | F12: =C12*E12 -> #REF! | G12: 38 | H12: =C12*G12 -> #REF! | I12: 36 | J12: =C12*I12 -> #REF! | K12: 0 | L12: =C12*K12 -> #REF! | M12: 37 | N12: =C12*M12 -> #REF! | O12: 40 | P12: =C12*O12 -> #REF! | Q12: 30 | R12: =C12*Q12 -> #REF!
A13: ='Bid Item List B (Port)'!#REF! -> #REF! | B13: ='Bid Item List B (Port)'!#REF! -> #REF! | C13: ='Bid Item List B (Port)'!#REF! -> #REF! | D13: ='Bid Item List B (Port)'!#REF! -> #REF! | E13: 110 | F13: =C13*E13 -> #REF! | G13: 120 | H13: =C13*G13 -> #REF! | I13: 110 | J13: =C13*I13 -> #REF! | K13: 0 | L13: =C13*K13 -> #REF! | M13: 115 | N13: =C13*M13 -> #REF! | O13: 120 | P13: =C13*O13 -> #REF! | Q13: 150 | R13: =C13*Q13 -> #REF!
A14: ='Bid Item List B (Port)'!#REF! -> #REF! | B14: ='Bid Item List B (Port)'!#REF! -> #REF! | C14: ='Bid Item List B (Port)'!#REF! -> #REF! | D14: ='Bid Item List B (Port)'!#REF! -> #REF! | E14: 36 | F14: =C14*E14 -> #REF! | G14: 38 | H14: =C14*G14 -> #REF! | I14: 36 | J14: =C14*I14 -> #REF! | K14: 0 | L14: =C14*K14 -> #REF! | M14: 39 | N14: =C14*M14 -> #REF! | O14: 40 | P14: =C14*O14 -> #REF! | Q14: 65 | R14: =C14*Q14 -> #REF!
A15: ='Bid Item List B (Port)'!#REF! -> #REF! | B15: ='Bid Item List B (Port)'!#REF! -> #REF! | C15: ='Bid Item List B (Port)'!#REF! -> #REF! | D15: ='Bid Item List B (Port)'!#REF! -> #REF! | E15: 100 | F15: =C15*E15 -> #REF! | G15: 55 | H15: =C15*G15 -> #REF! | I15: 70 | J15: =C15*I15 -> #REF! | K15: 0 | L15: =C15*K15 -> #REF! | M15: 48 | N15: =C15*M15 -> #REF! | O15: 75 | P15: =C15*O15 -> #REF! | Q15: 55 | R15: =C15*Q15 -> #REF!
A16: ='Bid Item List B (Port)'!#REF! -> #REF! | B16: ='Bid Item List B (Port)'!#REF! -> #REF! | C16: ='Bid Item List B (Port)'!#REF! -> #REF! | D16: ='Bid Item List B (Port)'!#REF! -> #REF! | E16: 6600 | F16: =C16*E16 -> #REF! | G16: 7000 | H16: =C16*G16 -> #REF! | I16: 7000 | J16: =C16*I16 -> #REF! | K16: 0 | L16: =C16*K16 -> #REF! | M16: 6700 | N16: =C16*M16 -> #REF! | O16: 7000 | P16: =C16*O16 -> #REF! | Q16: 6500 | R16: =C16*Q16 -> #REF!
A17: ='Bid Item List B (Port)'!#REF! -> #REF! | B17: ='Bid Item List B (Port)'!#REF! -> #REF! | C17: ='Bid Item List B (Port)'!#REF! -> #REF! | D17: ='Bid Item List B (Port)'!#REF! -> #REF! | E17: 8200 | F17: =C17*E17 -> #REF! | G17: 8500 | H17: =C17*G17 -> #REF! | I17: 8500 | J17: =C17*I17 -> #REF! | K17: 0 | L17: =C17*K17 -> #REF! | M17: 8300 | N17: =C17*M17 -> #REF! | O17: 10000 | P17: =C17*O17 -> #REF! | Q17: 15000 | R17: =C17*Q17 -> #REF!
A18: ='Bid Item List B (Port)'!#REF! -> #REF! | B18: ='Bid Item List B (Port)'!#REF! -> #REF! | C18: ='Bid Item List B (Port)'!#REF! -> #REF! | D18: ='Bid Item List B (Port)'!#REF! -> #REF! | E18: 540 | F18: =C18*E18 -> #REF! | G18: 975 | H18: =C18*G18 -> #REF! | I18: 800 | J18: =C18*I18 -> #REF! | K18: 0 | L18: =C18*K18 -> #REF! | M18: 750 | N18: =C18*M18 -> #REF! | O18: 2000 | P18: =C18*O18 -> #REF! | Q18: 800 | R18: =C18*Q18 -> #REF!
A19: ='Bid Item List B (Port)'!#REF! -> #REF! | B19: ='Bid Item List B (Port)'!#REF! -> #REF! | C19: ='Bid Item List B (Port)'!#REF! -> #REF! | D19: ='Bid Item List B (Port)'!#REF! -> #REF! | E19: 100 | F19: =C19*E19 -> #REF! | G19: 110 | H19: =C19*G19 -> #REF! | I19: 100 | J19: =C19*I19 -> #REF! | K19: 0 | L19: =C19*K19 -> #REF! | M19: 100 | N19: =C19*M19 -> #REF! | O19: 300 | P19: =C19*O19 -> #REF! | Q19: 150 | R19: =C19*Q19 -> #REF!
A20: ='Bid Item List B (Port)'!#REF! -> #REF! | B20: ='Bid Item List B (Port)'!#REF! -> #REF! | C20: ='Bid Item List B (Port)'!#REF! -> #REF! | D20: ='Bid Item List B (Port)'!#REF! -> #REF! | E20: 300 | F20: =C20*E20 -> #REF! | G20: 270 | H20: =C20*G20 -> #REF! | I20: 300 | J20: =C20*I20 -> #REF! | K20: 0 | L20: =C20*K20 -> #REF! | M20: 315 | N20: =C20*M20 -> #REF! | O20: 350 | P20: =C20*O20 -> #REF! | Q20: 275 | R20: =C20*Q20 -> #REF!
A21: ='Bid Item List B (Port)'!#REF! -> #REF! | B21: ='Bid Item List B (Port)'!#REF! -> #REF! | C21: ='Bid Item List B (Port)'!#REF! -> #REF! | D21: ='Bid Item List B (Port)'!#REF! -> #REF! | E21: 1450 | F21: =C21*E21 -> #REF! | G21: 1600 | H21: =C21*G21 -> #REF! | I21: 2000 | J21: =C21*I21 -> #REF! | K21: 0 | L21: =C21*K21 -> #REF! | M21: 1500 | N21: =C21*M21 -> #REF! | O21: 1700 | P21: =C21*O21 -> #REF! | Q21: 1250 | R21: =C21*Q21 -> #REF!
A22: ='Bid Item List B (Port)'!#REF! -> #REF! | B22: ='Bid Item List B (Port)'!#REF! -> #REF! | C22: ='Bid Item List B (Port)'!#REF! -> #REF! | D22: ='Bid Item List B (Port)'!#REF! -> #REF! | E22: 24000 | F22: =C22*E22 -> #REF! | G22: 90000 | H22: =C22*G22 -> #REF! | I22: 55000 | J22: =C22*I22 -> #REF! | K22: 0 | L22: =C22*K22 -> #REF! | M22: 38000 | N22: =C22*M22 -> #REF! | O22: 50000 | P22: =C22*O22 -> #REF! | Q22: 50000 | R22: =C22*Q22 -> #REF!
A23: ='Bid Item List B (Port)'!#REF! -> #REF! | B23: ='Bid Item List B (Port)'!#REF! -> #REF! | C23: ='Bid Item List B (Port)'!#REF! -> #REF! | D23: ='Bid Item List B (Port)'!#REF! -> #REF! | E23: 200 | F23: =C23*E23 -> #REF! | G23: 185 | H23: =C23*G23 -> #REF! | I23: 175 | J23: =C23*I23 -> #REF! | K23: 0 | L23: =C23*K23 -> #REF! | M23: 185 | N23: =C23*M23 -> #REF! | O23: 200 | P23: =C23*O23 -> #REF! | Q23: 100 | R23: =C23*Q23 -> #REF!
B24: Total Amount Bid Schedule B | F24: =SUM(F8:F23) -> #REF! | H24: =SUM(H8:H23) -> #REF! | J24: =SUM(J8:J23) -> #REF! | L24: =SUM(L8:L23) -> #REF! | N24: =SUM(N8:N23) -> #REF! | P24: =SUM(P8:P23) -> #REF! | R24: =SUM(R8:R23) -> #REF!
B25: Total Amount Bid Schedules A and B (Basis of Award) | F25: ='Bid Tab A (FAA)'!F141+'Bid Tab B (Port)'!F24 -> #REF! | H25: ='Bid Tab A (FAA)'!H141+'Bid Tab B (Port)'!H24 -> #REF! | J25: ='Bid Tab A (FAA)'!J141+'Bid Tab B (Port)'!J24 -> #REF! | L25: ='Bid Tab A (FAA)'!L141+'Bid Tab B (Port)'!L24 -> #REF! | N25: ='Bid Tab A (FAA)'!N141+'Bid Tab B (Port)'!N24 -> #REF! | P25: =P24+'Bid Tab A (FAA)'!P141 -> #REF! | R25: ='Bid Tab A (FAA)'!R141+'Bid Tab B (Port)'!R24 -> #REF!

Sheet Summary
A1: ='Bid Item List B (Port)'!$A$15 -> PORTLAND INTERNATIONAL AIRPORT
A2: ='Bid Item List B (Port)'!$A$16 -> TAXIWAY B CENTER AND EXITS REHABILITATION
A3: ='Bid Item List B (Port)'!$A$17 -> 0
A4: ='Bid Tab B (Port)'!$A$4 -> EAN 2015D147
A5: ='Bid Tab B (Port)'!$A$5 -> Solicitation No. 2016-6920
A6: =TODAY() -> 42754
A7: Bidder | B7: Total Price
A8: =Contractor4 -> Kodiak Pacific Construction | B8: $16,474,320.00*^ | D8: ='Bid Tab B (Port)'!L25 -> #REF!
A9: =Contractor2 -> K&E Excavating, Inc. | B9: ='Bid Tab B (Port)'!H25 -> #REF!
A10: =Contractor3 -> Kerr Contractors Oregon, Inc. | B10: ='Bid Tab B (Port)'!J25 -> #REF!
A11: =Contractor5 -> Nutter Corp. | B11: ='Bid Tab B (Port)'!N25 -> #REF!
A12: =Contractor1 -> Goodfella Bros., Inc. | B12: ='Bid Tab B (Port)'!F25 -> #REF!
A13: =Contractor6 -> Wildish Standard Paving Co. | B13: $19,685,462.00* | D13: ='Bid Tab B (Port)'!P25 -> #REF!
A14: =EngineerEstimate -> Engineer's Estimate | B14: ='Bid Tab B (Port)'!R25 -> #REF!
A15: *Corrected bid total
A16: ^Non-responsive
