Workbook
Name Contractor1: 'Bid Tabulation'!$E$1
Name Contractor2: 'Bid Tabulation'!$G$1
Name Contractor3: 'Bid Tabulation'!$I$1
Name Contractor4: 'Bid Tabulation'!$K$1
Name Contractor5: 'Bid Tabulation'!#REF!
Name Contractor6: 'Bid Tabulation'!#REF!
Name Contractor7: 'Bid Tabulation'!#REF!
Name Contractor8: 'Bid Tabulation'!#REF!
Name EAN: 'Bid Tabulation'!$A$4
Name EngineerEstimate: 'Bid Tabulation'!$M$1
Name ProjectLocation: 'Bid Item List'!$A$15
Name ProjectTitle: 'Bid Item List'!$A$16
Name ProjectTitle2: 'Bid Item List'!$A$17
Name QTY: 'Bid Tabulation'!$C:$C
Name SolicitationNo: 'Bid Tabulation'!$A$5
Name Total1: 'Bid Tabulation'!$F$21
Name Total2: 'Bid Tabulation'!$H$21
Name Total3: 'Bid Tabulation'!$J$21
Name Total4: 'Bid Tabulation'!$L$21
Name Total5: 'Bid Tabulation'!#REF!
Name Total6: 'Bid Tabulation'!#REF!
Name Total7: 'Bid Tabulation'!#REF!
Name Total8: 'Bid Tabulation'!#REF!
Name TotalEE: 'Bid Tabulation'!$N$21

Sheet Bid Item List
A1: Acre
A2: CY
A3: Each
A4: FT
A5: Gal
A6: Hour
A7: LB
A8: LF
A9: LS
A10: Mile
A11: SF
A12: SY
... A16: RESERVE RAMP JOINT AND CRACK SEAL
A19: Item No. | B19: Item Description | C19: Estimated Quantity | D19: Units | E19: Unit Price | F19: Total Price
A20: 0001 | B20: Mobilization, Surveying, Cleanup, and Demobilization (Section 012200) | C20: 1 | D20: LS
A21: 0002 | B21: Sweeper (Section 012200) | C21: 1 | D21: LS
A22: 0003 | B22: Security Control Monitoring (Section 012200) | C22: 1 | D22: LS
A23: 0004 | B23: Work Zone and Traffic Control (Section 012200) | C23: 1 | D23: LS
A24: 0005 | B24: Escort (Section 012200) | C24: 1 | D24: LS
A25: 0006 | B25: PCC Spall Panel Repair, 0-1 SF (Section 012200) | C25: 99 | D25: Each
A26: 0007 | B26: PCC Spall Panel Repair, 1-5 SF (Section 012200) | C26: 53 | D26: Each
A27: 0008 | B27: PCC Spall Panel Repair, 5-15 SF (Section 012200) | C27: 16 | D27: Each
A28: 0009 | B28: PCC Crack Repair, Original (Section 012200) | C28: 3210 | D28: LF
A29: 0010 | B29: PCC Crack Repair, Renewal (Section 012200) | C29: 350 | D29: LF
A30: 0011 | B30: Compression Joint Seals for Concrete Pavements (Item P-604) | C30: 79900 | D30: LF
A31: 0012 | B31: Concrete to Concrete Joint Seal (Silicone) (Item P-605) | C31: 3500 | D31: LF
A32: 0013 | B32: Concrete to Asphalt Joint Seal (Item P-605) | C32: 1740 | D32: LF
B33: Total Amount Bid (Basis of Award) | F33: $___________

Sheet Bid Tabulation
A1: =ProjectLocation -> PORTLAND INTERNATIONAL AIRPORT | E1: Acme Concrete Paving, Inc. | G1: C.R. Contracting, LLC | I1: Pullman SST, Inc. | K1: Roger Langeliers Construction Co. | M1: Engineer's Estimate
A2: =ProjectTitle -> RESERVE RAMP JOINT AND CRACK SEAL
A3: =ProjectTitle2 -> 0
A4: EAN 2024D045
A5: Solicitation No. 2024-10691
A6: =TODAY() -> 45735
A7: Item No. | B7: Item Description | C7: Estimated Quantity | D7: Units | E7: Unit Price | F7: Total Price | G7: Unit Price | H7: Total Price | I7: Unit Price | J7: Total Price | K7: Unit Price | L7: Total Price | M7: Unit Price | N7: Total Price
A8: ='Bid Item List'!A20 -> 0001 | B8: ='Bid Item List'!B20 -> Mobilization, Surveying, Cleanup, and Demobilization (Section 012200) | C8: ='Bid Item List'!C20 -> 1 | D8: ='Bid Item List'!D20 -> LS | E8: 155000 | F8: =QTY*E8 -> 155000 | G8: 28450 | H8: =QTY*G8 -> 28450 | I8: Not provided | J8: 37794.78 | K8: 65339.62 | L8: =QTY*K8 -> 65339.62 | M8: 90160 | N8: =QTY*M8 -> 90160
A9: ='Bid Item List'!A21 -> 0002 | B9: ='Bid Item List'!B21 -> Sweeper (Section 012200) | C9: ='Bid Item List'!C21 -> 1 | D9: ='Bid Item List'!D21 -> LS | E9: 220000 | F9: =QTY*E9 -> 220000 | G9: 30000 | H9: =QTY*G9 -> 30000 | I9: Not provided | J9: 62260.05 | K9: 27120 | L9: =QTY*K9 -> 27120 | M9: 16000 | N9: =QTY*M9 -> 16000
A10: ='Bid Item List'!A22 -> 0003 | B10: ='Bid Item List'!B22 -> Security Control Monitoring (Section 012200) | C10: ='Bid Item List'!C22 -> 1 | D10: ='Bid Item List'!D22 -> LS | E10: 20000 | F10: =QTY*E10 -> 20000 | G10: 7850 | H10: =QTY*G10 -> 7850 | I10: Not provided | J10: 6684.78 | K10: 27375.28 | L10: =QTY*K10 -> 27375.28 | M10: 10000 | N10: =QTY*M10 -> 10000
A11: ='Bid Item List'!A23 -> 0004 | B11: ='Bid Item List'!B23 -> Work Zone and Traffic Control (Section 012200) | C11: ='Bid Item List'!C23 -> 1 | D11: ='Bid Item List'!D23 -> LS | E11: 40000 | F11: =QTY*E11 -> 40000 | G11: 18500 | H11: =QTY*G11 -> 18500 | I11: Not provided | J11: 9760.63 | K11: 10822 | L11: =QTY*K11 -> 10822 | M11: 4000 | N11: =QTY*M11 -> 4000
A12: ='Bid Item List'!A24 -> 0005 | B12: ='Bid Item List'!B24 -> Escort (Section 012200) | C12: ='Bid Item List'!C24 -> 1 | D12: ='Bid Item List'!D24 -> LS | E12: 6000 | F12: =QTY*E12 -> 6000 | G12: 13750 | H12: =QTY*G12 -> 13750 | I12: Not provided | J12: 5500 | K12: 13188 | L12: =QTY*K12 -> 13188 | M12: 8000 | N12: =QTY*M12 -> 8000
A13: ='Bid Item List'!A25 -> 0006 | B13: ='Bid Item List'!B25 -> PCC Spall Panel Repair, 0-1 SF (Section 012200) | C13: ='Bid Item List'!C25 -> 99 | D13: ='Bid Item List'!D25 -> Each | E13: 450 | F13: =QTY*E13 -> 44550 | G13: 125 | H13: =QTY*G13 -> 12375 | I13: Not provided | J13: 28215.65 | K13: 144.87 | L13: =QTY*K13 -> 14342.13 | M13: 375 | N13: =QTY*M13 -> 37125
A14: ='Bid Item List'!A26 -> 0007 | B14: ='Bid Item List'!B26 -> PCC Spall Panel Repair, 1-5 SF (Section 012200) | C14: ='Bid Item List'!C26 -> 53 | D14: ='Bid Item List'!D26 -> Each | E14: 1050 | F14: =QTY*E14 -> 55650 | G14: 500 | H14: =QTY*G14 -> 26500 | I14: Not provided | J14: 21781.62 | K14: 505.15 | L14: =QTY*K14 -> 26772.95 | M14: 500 | N14: =QTY*M14 -> 26500
A15: ='Bid Item List'!A27 -> 0008 | B15: ='Bid Item List'!B27 -> PCC Spall Panel Repair, 5-15 SF (Section 012200) | C15: ='Bid Item List'!C27 -> 16 | D15: ='Bid Item List'!D27 -> Each | E15: 3100 | F15: =QTY*E15 -> 49600 | G15: 1100 | H15: =QTY*G15 -> 17600 | I15: Not provided | J15: 22831.89 | K15: 1411.47 | L15: =QTY*K15 -> 22583.52 | M15: 700 | N15: =QTY*M15 -> 11200
A16: ='Bid Item List'!A28 -> 0009 | B16: ='Bid Item List'!B28 -> PCC Crack Repair, Original (Section 012200) | C16: ='Bid Item List'!C28 -> 3210 | D16: ='Bid Item List'!D28 -> LF | E16: 12 | F16: =QTY*E16 -> 38520 | G16: 5.76 | H16: =QTY*G16 -> 18489.6 | I16: Not provided | J16: 38512.76 | K16: 5.11 | L16: =QTY*K16 -> 16403.1 | M16: 10 | N16: =QTY*M16 -> 32100
A17: ='Bid Item List'!A29 -> 0010 | B17: ='Bid Item List'!B29 -> PCC Crack Repair, Renewal (Section 012200) | C17: ='Bid Item List'!C29 -> 350 | D17: ='Bid Item List'!D29 -> LF | E17: 17.25 | F17: =QTY*E17 -> 6037.5 | G17: 19.89 | H17: =QTY*G17 -> 6961.5 | I17: Not provided | J17: 4673.84 | K17: 7.18 | L17: =QTY*K17 -> 2513 | M17: 7.5 | N17: =QTY*M17 -> 2625
A18: ='Bid Item List'!A30 -> 0011 | B18: ='Bid Item List'!B30 -> Compression Joint Seals for Concrete Pavements (Item P-604) | C18: ='Bid Item List'!C30 -> 79900 | D18: ='Bid Item List'!D30 -> LF | E18: 8.25 | F18: =QTY*E18 -> 659175 | G18: 5.95 | H18: =QTY*G18 -> 475405 | I18: Not provided | J18: 608584.51 | K18: 5.57 | L18: =QTY*K18 -> 445043 | M18: 9 | N18: =QTY*M18 -> 719100
A19: ='Bid Item List'!A31 -> 0012 | B19: ='Bid Item List'!B31 -> Concrete to Concrete Joint Seal (Silicone) (Item P-605) | C19: ='Bid Item List'!C31 -> 3500 | D19: ='Bid Item List'!D31 -> LF | E19: 11.25 | F19: =QTY*E19 -> 39375 | G19: 5.89 | H19: =QTY*G19 -> 20615 | I19: Not provided | J19: 68595.16 | K19: 4.73 | L19: =QTY*K19 -> 16555 | M19: 7.5 | N19: =QTY*M19 -> 26250
A20: ='Bid Item List'!A32 -> 0013 | B20: ='Bid Item List'!B32 -> Concrete to Asphalt Joint Seal (Item P-605) | C20: ='Bid Item List'!C32 -> 1740 | D20: ='Bid Item List'!D32 -> LF | E20: 7.6 | F20: =QTY*E20 -> 13224 | G20: 2.65 | H20: =QTY*G20 -> 4611 | I20: Not provided | J20: 29867.03 | K20: 5.33 | L20: =QTY*K20 -> 9274.2 | M20: 5 | N20: =QTY*M20 -> 8700
B21: Total Amount Bid (Basis of Award) | F21: =SUM(F8:F20) -> 1347131.5 | H21: =SUM(H8:H20) -> 681107.1 | J21: =SUM(J8:J20) -> 945062.7 | L21: =SUM(L8:L20) -> 697331.8 | N21: =SUM(N8:N20) -> 991760

Sheet Summary
A1: =ProjectLocation -> PORTLAND INTERNATIONAL AIRPORT
A2: =ProjectTitle -> RESERVE RAMP JOINT AND CRACK SEAL
A3: =ProjectTitle2 -> 0
A4: =EAN -> EAN 2024D045
A5: =SolicitationNo -> Solicitation No. 2024-10691
A6: =TODAY() -> 45735
A7: Bidder | B7: Total Price
A8: =Contractor2 -> C.R. Contracting, LLC | B8: =Total2 -> 681107.1
A9: =Contractor4 -> Roger Langeliers Construction Co. | B9: =Total4 -> 697331.8
A10: =Contractor3 -> Pullman SST, Inc. | B10: $945,062.70*
A11: =Contractor1 -> Acme Concrete Paving, Inc. | B11: =Total1 -> 1347131.5
A12: =EngineerEstimate -> Engineer's Estimate | B12: =TotalEE -> 991760
A13: *Non-responsive to the bid submission requirements of this solicitation
A14: ^Corrected Bid Total
