Workbook
Name Contractor1: 'Bid Tabulation'!$E$1
Name Contractor10: 'Bid Tabulation'!$W$1
Name Contractor11: 'Bid Tabulation'!$Y$1
Name Contractor2: 'Bid Tabulation'!$G$1
Name Contractor3: 'Bid Tabulation'!$I$1
Name Contractor3A: 'Bid Tabulation'!#REF!
Name Contractor4: 'Bid Tabulation'!$K$1
Name Contractor5: 'Bid Tabulation'!$M$1
Name Contractor6: 'Bid Tabulation'!$O$1
Name Contractor7: 'Bid Tabulation'!$Q$1
Name Contractor8: 'Bid Tabulation'!$S$1
Name Contractor9: 'Bid Tabulation'!$U$1
Name EAN: 'Bid Tabulation'!$A$4
Name EngineerEstimate: 'Bid Tabulation'!$AA$1
Name ProjectLocation: 'Bid Item List'!$A$15
Name ProjectTitle: 'Bid Item List'!$A$16
Name ProjectTitle2: 'Bid Item List'!$A$17
Name QTY: 'Bid Tabulation'!$C:$C
Name SolicitationNo: 'Bid Tabulation'!$A$5
Name Total1: 'Bid Tabulation'!$F$42
Name Total2: 'Bid Tabulation'!$H$42
Name Total3: 'Bid Tabulation'!$J$42
Name Total3A: 'Bid Tabulation'!#REF!
Name Total4: 'Bid Tabulation'!$L$42
Name Total5: 'Bid Tabulation'!$N$42
Name Total6: 'Bid Tabulation'!$P$42
Name Total7: 'Bid Tabulation'!$R$42
Name Total8: 'Bid Tabulation'!$T$42
Name TotalEE: 'Bid Tabulation'!$AB$42

Sheet Bid Item List
A1: Acre
A2: CY
A3: Each
A4: FT
A5: Gal
A6: Hour
A7: LB
A8: LF
A9: LS
A10: Mile
A11: SF
A12: SY
... A16: BASIN 1 SUBAREA STORMWATER IMPROVEMENTS
A19: Item No. | B19: Item Description | C19: Estimated Quantity | D19: Units | E19: Unit Price | F19: Total Price
A20: 0001 | B20: Mobilization, Surveying, Cleanup, and Demobilization (Section 012200) | C20: 1 | D20: LS
A21: 0002 | B21: Sweeper (Section 012200) | C21: 1 | D21: LS
A22: 0003 | B22: Traffic Control (Section 012200) | C22: 1 | D22: LS
A23: 0004 | B23: Escort (Section 012200) | C23: 1 | D23: LS
A24: 0005 | B24: Clearing and Grubbing (Sections 012200 and 312000) | C24: 1 | D24: LS
A25: 0006 | B25: Temporary Erosion and Sediment Control Measures (Sections 012200 and 015713) | C25: 1 | D25: LS
A26: 0007 | B26: General Demolition (Sections 012200 and 024113) | C26: 1 | D26: LS
A27: 0008 | B27: Pavement Removal and Disposal, 6-inch Depth (Sections 012200 and 024113) | C27: 171 | D27: CY
A28: 0009 | B28: Contaminated Soil Removal and Haul (Sections 012200 and 026100) | C28: 3887 | D28: Ton
A29: 0010 | B29: Unsuitable Excavation and Disposal (Sections 012200 and 312300) | C29: 200 | D29: CY
A30: 0011 | B30: Trench Stabilization (Sections 012200 and 312300) | C30: 200 | D30: CY
A31: 0012 | B31: Embankment, Ditch (Sections 012200 and 312000) | C31: 2446.1 | D31: CY
... A53: 0034 | B53: Extra Manhole Depth (120-Inch) (Sections 012200 and 334100) | C53: 4 | D53: LF
B54: Total Amount Bid (Basis of Award) | F54: $___________

Sheet Bid Tabulation
A1: =ProjectLocation -> PORTLAND INTERNATIONAL AIRPORT | E1: Apex Mechanical LLC | G1: Coffman Excavation | I1: Goodfellow Bros. LLC | K1: Interlaken, Inc. | M1: K&E Excavating, Inc. | O1: Kerr Contractors Oregon, LLC | Q1: Landis+Landis Construction, LLC | S1: MJ Hughes Construction | U1: Moore Excavation, Inc. | W1: Nutter Corporation | Y1: Tapani Inc. | AA1: Engineer's Estimate
A2: =ProjectTitle -> BASIN 1 SUBAREA STORMWATER IMPROVEMENTS
A3: =ProjectTitle2 -> 0
A4: EAN 2024D016
A5: Solicitation No. 2025-12724
A6: =TODAY() -> 46029
A7: Item No. | B7: Item Description | C7: Estimated Quantity | D7: Units | E7: Unit Price | F7: Total Price | G7: Unit Price | H7: Total Price | I7: Unit Price | J7: Total Price | K7: Unit Price | L7: Total Price | M7: Unit Price | N7: Total Price | O7: Unit Price | P7: Total Price | Q7: Unit Price | R7: Total Price | S7: Unit Price | T7: Total Price | U7: Unit Price | V7: Total Price | W7: Unit Price | X7: Total Price | Y7: Unit Price | Z7: Total Price | AA7: Unit Price | AB7: Total Price
A8: ='Bid Item List'!A20 -> 0001 | B8: ='Bid Item List'!B20 -> Mobilization, Surveying, Cleanup, and Demobilization (Section 012200) | C8: ='Bid Item List'!C20 -> 1 | D8: ='Bid Item List'!D20 -> LS | E8: 308125 | F8: =QTY*E8 -> 308125 | G8: 133218 | H8: =QTY*G8 -> 133218 | I8: 354000 | J8: =QTY*I8 -> 354000 | K8: 410000 | L8: =QTY*K8 -> 410000 | M8: 300000 | N8: =QTY*M8 -> 300000 | O8: 480000 | P8: =QTY*O8 -> 480000 | Q8: 371000 | R8: =QTY*Q8 -> 371000 | S8: 480000 | T8: =QTY*S8 -> 480000 | U8: 300000 | V8: =QTY*U8 -> 300000 | W8: 294000 | X8: =QTY*W8 -> 294000 | Y8: 307900 | Z8: =QTY*Y8 -> 307900 | AA8: 350000 | AB8: =QTY*AA8 -> 350000
A9: ='Bid Item List'!A21 -> 0002 | B9: ='Bid Item List'!B21 -> Sweeper (Section 012200) | C9: ='Bid Item List'!C21 -> 1 | D9: ='Bid Item List'!D21 -> LS | E9: 9375 | F9: =QTY*E9 -> 9375 | G9: 24945 | H9: =QTY*G9 -> 24945 | I9: 145000 | J9: =QTY*I9 -> 145000 | K9: 100000 | L9: =QTY*K9 -> 100000 | M9: 155000 | N9: =QTY*M9 -> 155000 | O9: 150000 | P9: =QTY*O9 -> 150000 | Q9: 105000 | R9: =QTY*Q9 -> 105000 | S9: 100000 | T9: =QTY*S9 -> 100000 | U9: 50000 | V9: =QTY*U9 -> 50000 | W9: 15000 | X9: =QTY*W9 -> 15000 | Y9: 105000 | Z9: =QTY*Y9 -> 105000 | AA9: 50400 | AB9: =QTY*AA9 -> 50400
A10: ='Bid Item List'!A22 -> 0003 | B10: ='Bid Item List'!B22 -> Traffic Control (Section 012200) | C10: ='Bid Item List'!C22 -> 1 | D10: ='Bid Item List'!D22 -> LS | E10: 175000 | F10: =QTY*E10 -> 175000 | G10: 79994 | H10: =QTY*G10 -> 79994 | I10: 205000 | J10: =QTY*I10 -> 205000 | K10: 100000 | L10: =QTY*K10 -> 100000 | M10: 150000 | N10: =QTY*M10 -> 150000 | O10: 248000 | P10: =QTY*O10 -> 248000 | Q10: 65000 | R10: =QTY*Q10 -> 65000 | S10: 100000 | T10: =QTY*S10 -> 100000 | U10: 100000 | V10: =QTY*U10 -> 100000 | W10: 60000 | X10: =QTY*W10 -> 60000 | Y10: 121000 | Z10: =QTY*Y10 -> 121000 | AA10: 150000 | AB10: =QTY*AA10 -> 150000
A11: ='Bid Item List'!A23 -> 0004 | B11: ='Bid Item List'!B23 -> Escort (Section 012200) | C11: ='Bid Item List'!C23 -> 1 | D11: ='Bid Item List'!D23 -> LS | E11: 7500 | F11: =QTY*E11 -> 7500 | G11: 38197 | H11: =QTY*G11 -> 38197 | I11: 105000 | J11: =QTY*I11 -> 105000 | K11: 130000 | L11: =QTY*K11 -> 130000 | M11: 110000 | N11: =QTY*M11 -> 110000 | O11: 100000 | P11: =QTY*O11 -> 100000 | Q11: 87500 | R11: =QTY*Q11 -> 87500 | S11: 100000 | T11: =QTY*S11 -> 100000 | U11: 100000 | V11: =QTY*U11 -> 100000 | W11: 60000 | X11: =QTY*W11 -> 60000 | Y11: 21000 | Z11: =QTY*Y11 -> 21000 | AA11: 92400 | AB11: =QTY*AA11 -> 92400
A12: ='Bid Item List'!A24 -> 0005 | B12: ='Bid Item List'!B24 -> Clearing and Grubbing (Sections 012200 and 312000) | C12: ='Bid Item List'!C24 -> 1 | D12: ='Bid Item List'!D24 -> LS | E12: 32500 | F12: =QTY*E12 -> 32500 | G12: 179222 | H12: =QTY*G12 -> 179222 | I12: 24000 | J12: =QTY*I12 -> 24000 | K12: 128000 | L12: =QTY*K12 -> 128000 | M12: 25000 | N12: =QTY*M12 -> 25000 | O12: 190000 | P12: =QTY*O12 -> 190000 | Q12: 12000 | R12: =QTY*Q12 -> 12000 | S12: 60000 | T12: =QTY*S12 -> 60000 | U12: 7500 | V12: =QTY*U12 -> 7500 | W12: 22000 | X12: =QTY*W12 -> 22000 | Y12: 50000 | Z12: =QTY*Y12 -> 50000 | AA12: 10000 | AB12: =QTY*AA12 -> 10000
A13: ='Bid Item List'!A25 -> 0006 | B13: ='Bid Item List'!B25 -> Temporary Erosion and Sediment Control Measures (Sections 012200 and 015713) | C13: ='Bid Item List'!C25 -> 1 | D13: ='Bid Item List'!D25 -> LS | E13: 95000 | F13: =QTY*E13 -> 95000 | G13: 22594 | H13: =QTY*G13 -> 22594 | I13: 85250 | J13: =QTY*I13 -> 85250 | K13: 150000 | L13: =QTY*K13 -> 150000 | M13: 30000 | N13: =QTY*M13 -> 30000 | O13: 142000 | P13: =QTY*O13 -> 142000 | Q13: 45000 | R13: =QTY*Q13 -> 45000 | S13: 60000 | T13: =QTY*S13 -> 60000 | U13: 50000 | V13: =QTY*U13 -> 50000 | W13: 20000 | X13: =QTY*W13 -> 20000 | Y13: 65000 | Z13: =QTY*Y13 -> 65000 | AA13: 89560 | AB13: =QTY*AA13 -> 89560
A14: ='Bid Item List'!A26 -> 0007 | B14: ='Bid Item List'!B26 -> General Demolition (Sections 012200 and 024113) | C14: ='Bid Item List'!C26 -> 1 | D14: ='Bid Item List'!D26 -> LS | E14: 28750 | F14: =QTY*E14 -> 28750 | G14: 117845 | H14: =QTY*G14 -> 117845 | I14: 145825 | J14: =QTY*I14 -> 145825 | K14: 30000 | L14: =QTY*K14 -> 30000 | M14: 75000 | N14: =QTY*M14 -> 75000 | O14: 115000 | P14: =QTY*O14 -> 115000 | Q14: 25000 | R14: =QTY*Q14 -> 25000 | S14: 60000 | T14: =QTY*S14 -> 60000 | U14: 50000 | V14: =QTY*U14 -> 50000 | W14: 120000 | X14: =QTY*W14 -> 120000 | Y14: 168000 | Z14: =QTY*Y14 -> 168000 | AA14: 110000 | AB14: =QTY*AA14 -> 110000
A15: ='Bid Item List'!A27 -> 0008 | B15: ='Bid Item List'!B27 -> Pavement Removal and Disposal, 6-inch Depth (Sections 012200 and 024113) | C15: ='Bid Item List'!C27 -> 171 | D15: ='Bid Item List'!D27 -> CY | E15: 131.25 | F15: =QTY*E15 -> 22443.75 | G15: 204 | H15: =QTY*G15 -> 34884 | I15: 450 | J15: =QTY*I15 -> 76950 | K15: 110 | L15: =QTY*K15 -> 18810 | M15: 134 | N15: =QTY*M15 -> 22914 | O15: 150 | P15: =QTY*O15 -> 25650 | Q15: 57.5 | R15: =QTY*Q15 -> 9832.5 | S15: 100 | T15: =QTY*S15 -> 17100 | U15: 70 | V15: =QTY*U15 -> 11970 | W15: 40 | X15: =QTY*W15 -> 6840 | Y15: 57 | Z15: =QTY*Y15 -> 9747 | AA15: 60 | AB15: =QTY*AA15 -> 10260
A16: ='Bid Item List'!A28 -> 0009 | B16: ='Bid Item List'!B28 -> Contaminated Soil Removal and Haul (Sections 012200 and 026100) | C16: ='Bid Item List'!C28 -> 3887 | D16: ='Bid Item List'!D28 -> Ton | E16: 118.75 | F16: =QTY*E16 -> 461581.25 | G16: 122 | H16: =QTY*G16 -> 474214 | I16: 50 | J16: =QTY*I16 -> 194350 | K16: 50 | L16: =QTY*K16 -> 194350 | M16: 31 | N16: =QTY*M16 -> 120497 | O16: 31.5 | P16: =QTY*O16 -> 122440.5 | Q16: 52 | R16: =QTY*Q16 -> 202124 | S16: 25 | T16: =QTY*S16 -> 97175 | U16: 42 | V16: =QTY*U16 -> 163254 | W16: 35 | X16: =QTY*W16 -> 136045 | Y16: 60 | Z16: =QTY*Y16 -> 233220 | AA16: 24 | AB16: =QTY*AA16 -> 93288
A17: ='Bid Item List'!A29 -> 0010 | B17: ='Bid Item List'!B29 -> Unsuitable Excavation and Disposal (Sections 012200 and 312300) | C17: ='Bid Item List'!C29 -> 200 | D17: ='Bid Item List'!D29 -> CY | E17: 77.5 | F17: =QTY*E17 -> 15500 | G17: 126 | H17: =QTY*G17 -> 25200 | I17: 140 | J17: =QTY*I17 -> 28000 | K17: 100 | L17: =QTY*K17 -> 20000 | M17: 50 | N17: =QTY*M17 -> 10000 | O17: 154 | P17: =QTY*O17 -> 30800 | Q17: 45 | R17: =QTY*Q17 -> 9000 | S17: 125 | T17: =QTY*S17 -> 25000 | U17: 60 | V17: =QTY*U17 -> 12000 | W17: 50 | X17: =QTY*W17 -> 10000 | Y17: 60 | Z17: =QTY*Y17 -> 12000 | AA17: 60 | AB17: =QTY*AA17 -> 12000
A18: ='Bid Item List'!A30 -> 0011 | B18: ='Bid Item List'!B30 -> Trench Stabilization (Sections 012200 and 312300) | C18: ='Bid Item List'!C30 -> 200 | D18: ='Bid Item List'!D30 -> CY | E18: 125 | F18: =QTY*E18 -> 25000 | G18: 212.4 | H18: =QTY*G18 -> 42480 | I18: 85 | J18: =QTY*I18 -> 17000 | K18: 110 | L18: =QTY*K18 -> 22000 | M18: 145 | N18: =QTY*M18 -> 29000 | O18: 118 | P18: =QTY*O18 -> 23600 | Q18: 85 | R18: =QTY*Q18 -> 17000 | S18: 250 | T18: =QTY*S18 -> 50000 | U18: 140 | V18: =QTY*U18 -> 28000 | W18: 120 | X18: =QTY*W18 -> 24000 | Y18: 79 | Z18: =QTY*Y18 -> 15800 | AA18: 78 | AB18: =QTY*AA18 -> 15600
A19: ='Bid Item List'!A31 -> 0012 | B19: ='Bid Item List'!B31 -> Embankment, Ditch (Sections 012200 and 312000) | C19: ='Bid Item List'!C31 -> 2446.1 | D19: ='Bid Item List'!D31 -> CY | E19: 81.25 | F19: =QTY*E19 -> 198745.62 | G19: 11 | H19: =QTY*G19 -> 26907.1 | I19: 15 | J19: =QTY*I19 -> 36691.5 | K19: 10 | L19: =QTY*K19 -> 24461 | M19: 5 | N19: =QTY*M19 -> 12230.5 | O19: 68 | P19: =QTY*O19 -> 166334.8 | Q19: 37 | R19: =QTY*Q19 -> 90505.7 | S19: 60 | T19: =QTY*S19 -> 146766 | U19: 40 | V19: =QTY*U19 -> 97844 | W19: 10 | X19: =QTY*W19 -> 24461 | Y19: 13 | Z19: =QTY*Y19 -> 31799.3 | AA19: 67 | AB19: =QTY*AA19 -> 163888.7
... A41: ='Bid Item List'!A53 -> 0034 | B41: ='Bid Item List'!B53 -> Extra Manhole Depth (120-Inch) (Sections 012200 and 334100) | C41: ='Bid Item List'!C53 -> 4 | D41: ='Bid Item List'!D53 -> LF | E41: 256.25 | F41: =QTY*E41 -> 1025 | G41: 1970 | H41: =QTY*G41 -> 7880 | I41: 3500 | J41: =QTY*I41 -> 14000 | K41: 610 | L41: =QTY*K41 -> 2440 | M41: 1500 | N41: =QTY*M41 -> 6000 | O41: 1400 | P41: =QTY*O41 -> 5600 | Q41: 1525 | R41: =QTY*Q41 -> 6100 | S41: 900 | T41: =QTY*S41 -> 3600 | U41: 400 | V41: =QTY*U41 -> 1600 | W41: 4000 | X41: =QTY*W41 -> 16000 | Y41: 5400 | Z41: =QTY*Y41 -> 21600 | AA41: 2500 | AB41: =QTY*AA41 -> 10000
B42: Total Amount Bid (Basis of Award) | F42: =SUM($F8:$F41) -> 4249540.8 | H42: =SUM($H8:$H41) -> 3725047.1 | J42: =SUM($J8:$J41) -> 4508106.5 | L42: =SUM($L8:$L41) -> 4186136 | N42: =SUM($N8:$N41) -> 3389211.5 | P42: =SUM($P8:$P41) -> 4894385.3 | R42: =SUM($R8:$R41) -> 4444240.2 | T42: =SUM($T8:$T41) -> 4826299 | V42: =SUM($V8:$V41) -> 3317066 | X42: =SUM($X8:$X41) -> 2940525 | Z42: =SUM($Z8:$Z41) -> 3079845.8 | AB42: =SUM($AB8:$AB41) -> 3750841.7

Sheet Summary
A1: =ProjectLocation -> PORTLAND INTERNATIONAL AIRPORT
A2: =ProjectTitle -> BASIN 1 SUBAREA STORMWATER IMPROVEMENTS
A3: =ProjectTitle2 -> 0
A4: =EAN -> EAN 2024D016
A5: =SolicitationNo -> Solicitation No. 2025-12724
A6: =TODAY() -> 46029
A7: Bidder | B7: Total Price
A8: =Contractor10 -> Nutter Corporation | B8: ='Bid Tabulation'!X42 -> 2940525
A9: =Contractor11 -> Tapani Inc. | B9: ='Bid Tabulation'!Z42 -> 3079845.8
A10: =Contractor9 -> Moore Excavation, Inc. | B10: ='Bid Tabulation'!V42 -> 3317066
A11: =Contractor5 -> K&E Excavating, Inc. | B11: =Total5 -> 3389211.5
A12: =Contractor2 -> Coffman Excavation | B12: =Total2 -> 3725047.1
A13: =Contractor4 -> Interlaken, Inc. | B13: =Total4 -> 4186136
A14: =Contractor1 -> Apex Mechanical LLC | B14: $4,249,540.76*
A15: =Contractor7 -> Landis+Landis Construction, LLC | B15: =Total7 -> 4444240.2
A16: =Contractor3 -> Goodfellow Bros. LLC | B16: $4,508,106.50*
A17: =Contractor8 -> MJ Hughes Construction | B17: =Total8 -> 4826299
A18: =Contractor6 -> Kerr Contractors Oregon, LLC | B18: =Total6 -> 4894385.3
A19: =EngineerEstimate -> Engineer's Estimate | B19: =TotalEE -> 3750841.7
A20: *Corrected Bid Total
