Workbook
Name AQTY: '[1]Bid Tab Schedule A'!$C:$C
Name ATotal1: '[1]Bid Tab Schedule A'!$F$19
Name ATotal2: '[1]Bid Tab Schedule A'!$H$19
Name ATotal3: '[1]Bid Tab Schedule A'!$J$19
Name ATotal4: '[1]Bid Tab Schedule A'!$L$19
Name ATotal5: '[1]Bid Tab Schedule A'!$N$19
Name ATotal6: '[1]Bid Tab Schedule A'!$P$19
Name ATotal7: '[1]Bid Tab Schedule A'!$R$19
Name ATotal8: '[1]Bid Tab Schedule A'!$T$19
Name ATotalEE: '[1]Bid Tab Schedule A'!$V$19
Name BQTY: '[1]Bid Tab Schedule B'!$C:$C
Name Contractor1: 'Base Bid Tabulation'!$E$1
Name Contractor2: 'Base Bid Tabulation'!$G$1
Name Contractor3: 'Base Bid Tabulation'!$I$1
Name Contractor4: 'Base Bid Tabulation'!$K$1
Name Contractor5: 'Base Bid Tabulation'!$M$1
Name Contractor6: 'Base Bid Tabulation'!#REF!
Name Contractor7: 'Base Bid Tabulation'!#REF!
Name Contractor8: 'Base Bid Tabulation'!#REF!
Name EAN: 'Base Bid Tabulation'!$A$4
Name EngineerEstimate: 'Base Bid Tabulation'!$O$1
Name ProjectLocation: 'Base Bid Item List'!$A$15
Name ProjectTitle: 'Base Bid Item List'!$A$16
Name ProjectTitle2: 'Base Bid Item List'!$A$17
Name QTY: 'Base Bid Tabulation'!$C:$C
Name SolicitationNo: 'Base Bid Tabulation'!$A$5
Name Total1: 'Base Bid Tabulation'!$F$77
Name Total2: 'Base Bid Tabulation'!$H$77
Name Total3: 'Base Bid Tabulation'!$J$77
Name Total4: 'Base Bid Tabulation'!$L$77
Name Total5: 'Base Bid Tabulation'!$N$77
Name Total6: 'Base Bid Tabulation'!#REF!
Name Total7: 'Base Bid Tabulation'!#REF!
Name Total8: 'Base Bid Tabulation'!#REF!
Name TotalEE: 'Base Bid Tabulation'!$P$77

Sheet Base Bid Item List
A1: Acre
A2: CY
A3: Each
A4: FT
A5: Gal
A6: Hour
A7: LB
A8: LF
A9: LS
A10: Mile
A11: SF
A12: SY
... A16: TAXIWAY A WEST REHABILITATION
A19: Item No. | B19: Item Description | C19: Estimated Quantity | D19: Units | E19: Unit Price | F19: Total Price
A20: 0001 | B20: Sweeper (Section 012200) | C20: 1 | D20: LS
A21: 0002 | B21: Security Control Monitoring (Section 012200) | C21: 1 | D21: LS
A22: 0003 | B22: Work Zone Traffic Control (Section 012200) | C22: 1 | D22: LS
A23: 0004 | B23: Escort (Section 012200) | C23: 1 | D23: LS
A24: 0005 | B24: Inlet Protection (Item C-102) | C24: 21 | D24: Each
A25: 0006 | B25: Mobilization (Item C-105) | C25: 1 | D25: LS
A26: 0007 | B26: Pavement Removal (Full Depth Asphalt Concrete, 4-17.5 Inches) (Item P-101) | C26: 18390 | D26: SY
A27: 0008 | B27: Joint and Crack Repair (Item P-101) | C27: 1000 | D27: LF
A28: 0009 | B28: 3-5 Inch Cold Milling (Item P-101) | C28: 16460 | D28: SY
A29: 0010 | B29: Removal of Pipe and other Buried Structures (Item P-101) | C29: 1 | D29: LS
A30: 0011 | B30: Unclassified Excavation (Item P-152) | C30: 14988 | D30: CY
A31: 0012 | B31: Existing Subgrade Stabilzation (Item P-152) | C31: 744 | D31: CY
... A88: 0069 | B88: Sign A6-12 (Section 344302) | C88: 1 | D88: LS
B89: Total Amount Base Bid (Basis of Award) | F89: $___________

Sheet Alternate Item List
A1: Acre
A2: CY
A3: Each
A4: FT
A5: Gal
A6: Hour
A7: LB
A8: LF
A9: LS
A10: Mile
A11: SF
A12: SY
A13: Ton
A15: =ProjectLocation -> PORTLAND INTERNATIONAL AIRPORT
A16: =ProjectTitle -> TAXIWAY A WEST REHABILITATION
A17: =ProjectTitle2 & ""
A19: Item No. | B19: Item Description | C19: Estimated Quantity | D19: Units | E19: Unit Price | F19: Total Price
A20: 0001 | B20: Mobilization (Item C-105) | C20: 1 | D20: LS
A21: 0002 | B21: 3-5 Inch Cold Milling (Item P-101) | C21: 7200 | D21: SY
A22: 0003 | B22: Asphalt Surface Course (Item P-401) | C22: 1420 | D22: Ton
A23: 0004 | B23: Emulsified Asphalt Tack Coat (Item P-603) | C23: 1520 | D23: Gal
A24: 0005 | B24: Permanent Pavement Marking (Item P-620) | C24: 3111 | D24: SF
A25: 0006 | B25: Reflective Media (Item P-620) | C25: 86 | D25: LB
A26: 0007 | B26: Temporary Pavement Marking (Item P-620) | C26: 482 | D26: SF
A27: 0008 | B27: Contaminated Material Excavation and Disposal (Section 026100) | C27: 50 | D27: Ton
A28: 0009 | B28: No. 8 AWG, 5kV, L-824, Type C Cable, Installed in Trench, Duct Bank or Conduit (Item L-108) | C28: 960 | D28: LF
A29: 0010 | B29: Install Elevated Taxiway Edge Light on Existing Base Can with PF Transformer (Section 344300) | C29: 18 | D29: Each
A30: 0011 | B30: Adjust Existing Taxiway Centerline Light to New Finish Elevation (Section 344301) | C30: 4 | D30: Each
B31: Total Amount Additive Alternate A | F31: $___________

Sheet Base Bid Tabulation
A1: PORTLAND INTERNATIONAL AIRPORT | E1: Coffman Excavation | G1: Granite Construction Company | I1: K&E Excavating, Inc. | K1: Kerr Contractors Oregon, LLC | M1: Tapani, Inc. | O1: Engineer's Estimate
A2: TAXIWAY A WEST REHABILITATION
A4: EAN 2023D011
A5: Solicitation No. 2023-10218
A6: =TODAY() -> 45671
A7: Item No. | B7: Item Description | C7: Estimated Quantity | D7: Units | E7: Unit Price | F7: Total Price | G7: Unit Price | H7: Total Price | I7: Unit Price | J7: Total Price | K7: Unit Price | L7: Total Price | M7: Unit Price | N7: Total Price | O7: Unit Price | P7: Total Price
A8: ='Base Bid Item List'!A20 -> 0001 | B8: ='Base Bid Item List'!B20 -> Sweeper (Section 012200) | C8: ='Base Bid Item List'!C20 -> 1 | D8: ='Base Bid Item List'!D20 -> LS | E8: 135650 | F8: =QTY*E8 -> 135650 | G8: 434815.72 | H8: =QTY*G8 -> 434815.72 | I8: 550000 | J8: =QTY*I8 -> 550000 | K8: 225000 | L8: =QTY*K8 -> 225000 | M8: 400000 | N8: =QTY*M8 -> 400000 | O8: 80000 | P8: =QTY*O8 -> 80000
A9: ='Base Bid Item List'!A21 -> 0002 | B9: ='Base Bid Item List'!B21 -> Security Control Monitoring (Section 012200) | C9: ='Base Bid Item List'!C21 -> 1 | D9: ='Base Bid Item List'!D21 -> LS | E9: 93162 | F9: =QTY*E9 -> 93162 | G9: 5000 | H9: =QTY*G9 -> 5000 | I9: 10000 | J9: =QTY*I9 -> 10000 | K9: 80000 | L9: =QTY*K9 -> 80000 | M9: 25000 | N9: =QTY*M9 -> 25000 | O9: 45700 | P9: =QTY*O9 -> 45700
A10: ='Base Bid Item List'!A22 -> 0003 | B10: ='Base Bid Item List'!B22 -> Work Zone Traffic Control (Section 012200) | C10: ='Base Bid Item List'!C22 -> 1 | D10: ='Base Bid Item List'!D22 -> LS | E10: 217450 | F10: =QTY*E10 -> 217450 | G10: 258933.66 | H10: =QTY*G10 -> 258933.66 | I10: 200000 | J10: =QTY*I10 -> 200000 | K10: 375000 | L10: =QTY*K10 -> 375000 | M10: 384999.6 | N10: =QTY*M10 -> 384999.6 | O10: 124300 | P10: =QTY*O10 -> 124300
A11: ='Base Bid Item List'!A23 -> 0004 | B11: ='Base Bid Item List'!B23 -> Escort (Section 012200) | C11: ='Base Bid Item List'!C23 -> 1 | D11: ='Base Bid Item List'!D23 -> LS | E11: 360380 | F11: =QTY*E11 -> 360380 | G11: 303403.17 | H11: =QTY*G11 -> 303403.17 | I11: 308500 | J11: =QTY*I11 -> 308500 | K11: 150000 | L11: =QTY*K11 -> 150000 | M11: 400000 | N11: =QTY*M11 -> 400000 | O11: 52700 | P11: =QTY*O11 -> 52700
A12: ='Base Bid Item List'!A24 -> 0005 | B12: ='Base Bid Item List'!B24 -> Inlet Protection (Item C-102) | C12: ='Base Bid Item List'!C24 -> 21 | D12: ='Base Bid Item List'!D24 -> Each | E12: 175 | F12: =QTY*E12 -> 3675 | G12: 136.98 | H12: =QTY*G12 -> 2876.58 | I12: 150 | J12: =QTY*I12 -> 3150 | K12: 175 | L12: =QTY*K12 -> 3675 | M12: 150 | N12: =QTY*M12 -> 3150 | O12: 203 | P12: =QTY*O12 -> 4263
A13: ='Base Bid Item List'!A25 -> 0006 | B13: ='Base Bid Item List'!B25 -> Mobilization (Item C-105) | C13: ='Base Bid Item List'!C25 -> 1 | D13: ='Base Bid Item List'!D25 -> LS | E13: 51222 | F13: =QTY*E13 -> 51222 | G13: 999374.15 | H13: =QTY*G13 -> 999374.15 | I13: 950000 | J13: =QTY*I13 -> 950000 | K13: 960000 | L13: =QTY*K13 -> 960000 | M13: 875000 | N13: =QTY*M13 -> 875000 | O13: 1019095 | P13: =QTY*O13 -> 1019095
A14: ='Base Bid Item List'!A26 -> 0007 | B14: ='Base Bid Item List'!B26 -> Pavement Removal (Full Depth Asphalt Concrete, 4-17.5 Inches) (Item P-101) | C14: ='Base Bid Item List'!C26 -> 18390 | D14: ='Base Bid Item List'!D26 -> SY | E14: 13.7 | F14: =QTY*E14 -> 251943 | G14: 18.09 | H14: =QTY*G14 -> 332675.1 | I14: 17 | J14: =QTY*I14 -> 312630 | K14: 15 | L14: =QTY*K14 -> 275850 | M14: 13 | N14: =QTY*M14 -> 239070 | O14: 29.5 | P14: =QTY*O14 -> 542505
A15: ='Base Bid Item List'!A27 -> 0008 | B15: ='Base Bid Item List'!B27 -> Joint and Crack Repair (Item P-101) | C15: ='Base Bid Item List'!C27 -> 1000 | D15: ='Base Bid Item List'!D27 -> LF | E15: 29.5 | F15: =QTY*E15 -> 29500 | G15: 2.03 | H15: =QTY*G15 -> 2030 | I15: 16 | J15: =QTY*I15 -> 16000 | K15: 14.25 | L15: =QTY*K15 -> 14250 | M15: 16 | N15: =QTY*M15 -> 16000 | O15: 6.5 | P15: =QTY*O15 -> 6500
A16: ='Base Bid Item List'!A28 -> 0009 | B16: ='Base Bid Item List'!B28 -> 3-5 Inch Cold Milling (Item P-101) | C16: ='Base Bid Item List'!C28 -> 16460 | D16: ='Base Bid Item List'!D28 -> SY | E16: 4.5 | F16: =QTY*E16 -> 74070 | G16: 18.15 | H16: =QTY*G16 -> 298749 | I16: 5 | J16: =QTY*I16 -> 82300 | K16: 6.75 | L16: =QTY*K16 -> 111105 | M16: 7 | N16: =QTY*M16 -> 115220 | O16: 6.25 | P16: =QTY*O16 -> 102875
A17: ='Base Bid Item List'!A29 -> 0010 | B17: ='Base Bid Item List'!B29 -> Removal of Pipe and other Buried Structures (Item P-101) | C17: ='Base Bid Item List'!C29 -> 1 | D17: ='Base Bid Item List'!D29 -> LS | E17: 136043 | F17: =QTY*E17 -> 136043 | G17: 170985.8 | H17: =QTY*G17 -> 170985.8 | I17: 140000 | J17: =QTY*I17 -> 140000 | K17: 80000 | L17: =QTY*K17 -> 80000 | M17: 100000 | N17: =QTY*M17 -> 100000 | O17: 400000 | P17: =QTY*O17 -> 400000
A18: ='Base Bid Item List'!A30 -> 0011 | B18: ='Base Bid Item List'!B30 -> Unclassified Excavation (Item P-152) | C18: ='Base Bid Item List'!C30 -> 14988 | D18: ='Base Bid Item List'!D30 -> CY | E18: 42 | F18: =QTY*E18 -> 629496 | G18: 44.33 | H18: =QTY*G18 -> 664418.04 | I18: 20 | J18: =QTY*I18 -> 299760 | K18: 48 | L18: =QTY*K18 -> 719424 | M18: 20 | N18: =QTY*M18 -> 299760 | O18: 72 | P18: =QTY*O18 -> 1079136
A19: ='Base Bid Item List'!A31 -> 0012 | B19: ='Base Bid Item List'!B31 -> Existing Subgrade Stabilzation (Item P-152) | C19: ='Base Bid Item List'!C31 -> 744 | D19: ='Base Bid Item List'!D31 -> CY | E19: 230 | F19: =QTY*E19 -> 171120 | G19: 244.43 | H19: =QTY*G19 -> 181855.92 | I19: 104 | J19: =QTY*I19 -> 77376 | K19: 163 | L19: =QTY*K19 -> 121272 | M19: 125 | N19: =QTY*M19 -> 93000 | O19: 153 | P19: =QTY*O19 -> 113832
... A76: ='Base Bid Item List'!A88 -> 0069 | B76: ='Base Bid Item List'!B88 -> Sign A6-12 (Section 344302) | C76: ='Base Bid Item List'!C88 -> 1 | D76: ='Base Bid Item List'!D88 -> LS | E76: 7827 | F76: =QTY*E76 -> 7827 | G76: 10491.48 | H76: =QTY*G76 -> 10491.48 | I76: 11850 | J76: =QTY*I76 -> 11850 | K76: 10340 | L76: =QTY*K76 -> 10340 | M76: 11800 | N76: =QTY*M76 -> 11800 | O76: 9800 | P76: =QTY*O76 -> 9800
B77: Total Amount Base Bid (Basis of Award) | F77: =SUM(F8:F76) -> 9624346.2 | H77: =SUM(H8:H76) -> 10277996 | J77: =SUM(J8:J76) -> 9569824.6 | L77: =SUM(L8:L76) -> 9285859.1 | N77: =SUM(N8:N76) -> 8991000 | P77: =SUM(P8:P76) -> 11210044

Sheet Alternate Bid Tabulation
A1: PORTLAND INTERNATIONAL AIRPORT | E1: =Contractor1 -> Coffman Excavation | G1: =Contractor2 -> Granite Construction Company | I1: =Contractor3 -> K&E Excavating, Inc. | K1: =Contractor4 -> Kerr Contractors Oregon, LLC | M1: =Contractor5 -> Tapani, Inc. | O1: =EngineerEstimate -> Engineer's Estimate
A2: TAXIWAY A WEST REHABILITATION
A4: EAN 2023D011
A5: Solicitation No. 2023-10218
A6: =TODAY() -> 45671
A7: Item No. | B7: Item Description | C7: Estimated Quantity | D7: Units | E7: Unit Price | F7: Total Price | G7: Unit Price | H7: Total Price | I7: Unit Price | J7: Total Price | K7: Unit Price | L7: Total Price | M7: Unit Price | N7: Total Price | O7: Unit Price | P7: Total Price
A8: ='Alternate Item List'!A20 -> 0001 | B8: ='Alternate Item List'!B20 -> Mobilization (Item C-105) | C8: ='Alternate Item List'!C20 -> 1 | D8: ='Alternate Item List'!D20 -> LS | E8: 1905 | F8: =C8*E8 -> 1905 | G8: 38677 | H8: =C8*G8 -> 38677 | I8: 44000 | J8: =C8*I8 -> 44000 | K8: 60000 | L8: =C8*K8 -> 60000 | M8: 40000 | N8: =C8*M8 -> 40000 | O8: 43960 | P8: =O8*C8 -> 43960
A9: ='Alternate Item List'!A21 -> 0002 | B9: ='Alternate Item List'!B21 -> 3-5 Inch Cold Milling (Item P-101) | C9: ='Alternate Item List'!C21 -> 7200 | D9: ='Alternate Item List'!D21 -> SY | E9: 5.2 | F9: =C9*E9 -> 37440 | G9: 6.9 | H9: =C9*G9 -> 49680 | I9: 10 | J9: =C9*I9 -> 72000 | K9: 5.5 | L9: =C9*K9 -> 39600 | M9: 7 | N9: =C9*M9 -> 50400 | O9: 6.5 | P9: =O9*C9 -> 46800
A10: ='Alternate Item List'!A22 -> 0003 | B10: ='Alternate Item List'!B22 -> Asphalt Surface Course (Item P-401) | C10: ='Alternate Item List'!C22 -> 1420 | D10: ='Alternate Item List'!D22 -> Ton | E10: 198 | F10: =C10*E10 -> 281160 | G10: 200.83 | H10: =C10*G10 -> 285178.6 | I10: 200 | J10: =C10*I10 -> 284000 | K10: 161.5 | L10: =C10*K10 -> 229330 | M10: 180 | N10: =C10*M10 -> 255600 | O10: 187 | P10: =O10*C10 -> 265540
A11: ='Alternate Item List'!A23 -> 0004 | B11: ='Alternate Item List'!B23 -> Emulsified Asphalt Tack Coat (Item P-603) | C11: ='Alternate Item List'!C23 -> 1520 | D11: ='Alternate Item List'!D23 -> Gal | E11: 9 | F11: =C11*E11 -> 13680 | G11: 6.78 | H11: =C11*G11 -> 10305.6 | I11: 10 | J11: =C11*I11 -> 15200 | K11: 7.25 | L11: =C11*K11 -> 11020 | M11: 10 | N11: =C11*M11 -> 15200 | O11: 10 | P11: =O11*C11 -> 15200
A12: ='Alternate Item List'!A24 -> 0005 | B12: ='Alternate Item List'!B24 -> Permanent Pavement Marking (Item P-620) | C12: ='Alternate Item List'!C24 -> 3111 | D12: ='Alternate Item List'!D24 -> SF | E12: 3 | F12: =C12*E12 -> 9333 | G12: 1.42 | H12: =C12*G12 -> 4417.62 | I12: 2.5 | J12: =C12*I12 -> 7777.5 | K12: 1.25 | L12: =C12*K12 -> 3888.75 | M12: 5 | N12: =C12*M12 -> 15555 | O12: 6 | P12: =O12*C12 -> 18666
A13: ='Alternate Item List'!A25 -> 0006 | B13: ='Alternate Item List'!B25 -> Reflective Media (Item P-620) | C13: ='Alternate Item List'!C25 -> 86 | D13: ='Alternate Item List'!D25 -> LB | E13: 1.5 | F13: =C13*E13 -> 129 | G13: 1.13 | H13: =C13*G13 -> 97.18 | I13: 2 | J13: =C13*I13 -> 172 | K13: 1 | L13: =C13*K13 -> 86 | M13: 5 | N13: =C13*M13 -> 430 | O13: 3.25 | P13: =O13*C13 -> 279.5
A14: ='Alternate Item List'!A26 -> 0007 | B14: ='Alternate Item List'!B26 -> Temporary Pavement Marking (Item P-620) | C14: ='Alternate Item List'!C26 -> 482 | D14: ='Alternate Item List'!D26 -> SF | E14: 4.5 | F14: =C14*E14 -> 2169 | G14: 3.97 | H14: =C14*G14 -> 1913.54 | I14: 4 | J14: =C14*I14 -> 1928 | K14: 3.5 | L14: =C14*K14 -> 1687 | M14: 10 | N14: =C14*M14 -> 4820 | O14: 3 | P14: =O14*C14 -> 1446
A15: ='Alternate Item List'!A27 -> 0008 | B15: ='Alternate Item List'!B27 -> Contaminated Material Excavation and Disposal (Section 026100) | C15: ='Alternate Item List'!C27 -> 50 | D15: ='Alternate Item List'!D27 -> Ton | E15: 454 | F15: =C15*E15 -> 22700 | G15: 297.76 | H15: =C15*G15 -> 14888 | I15: 75 | J15: =C15*I15 -> 3750 | K15: 131 | L15: =C15*K15 -> 6550 | M15: 200 | N15: =C15*M15 -> 10000 | O15: 1235 | P15: =O15*C15 -> 61750
A16: ='Alternate Item List'!A28 -> 0009 | B16: ='Alternate Item List'!B28 -> No. 8 AWG, 5kV, L-824, Type C Cable, Installed in Trench, Duct Bank or Conduit (Item L-108) | C16: ='Alternate Item List'!C28 -> 960 | D16: ='Alternate Item List'!D28 -> LF | E16: 5.7 | F16: =C16*E16 -> 5472 | G16: 2.03 | H16: =C16*G16 -> 1948.8 | I16: 3 | J16: =C16*I16 -> 2880 | K16: 2 | L16: =C16*K16 -> 1920 | M16: 6 | N16: =C16*M16 -> 5760 | O16: 2 | P16: =O16*C16 -> 1920
A17: ='Alternate Item List'!A29 -> 0010 | B17: ='Alternate Item List'!B29 -> Install Elevated Taxiway Edge Light on Existing Base Can with PF Transformer (Section 344300) | C17: ='Alternate Item List'!C29 -> 18 | D17: ='Alternate Item List'!D29 -> Each | E17: 1390 | F17: =C17*E17 -> 25020 | G17: 370.35 | H17: =C17*G17 -> 6666.3 | I17: 550 | J17: =C17*I17 -> 9900 | K17: 365 | L17: =C17*K17 -> 6570 | M17: 1500 | N17: =C17*M17 -> 27000 | O17: 1000 | P17: =O17*C17 -> 18000
A18: ='Alternate Item List'!A30 -> 0011 | B18: ='Alternate Item List'!B30 -> Adjust Existing Taxiway Centerline Light to New Finish Elevation (Section 344301) | C18: ='Alternate Item List'!C30 -> 4 | D18: ='Alternate Item List'!D30 -> Each | E18: 980 | F18: =C18*E18 -> 3920 | G18: 872.6 | H18: =C18*G18 -> 3490.4 | I18: 1000 | J18: =C18*I18 -> 4000 | K18: 860 | L18: =C18*K18 -> 3440 | M18: 1000 | N18: =C18*M18 -> 4000 | O18: 2500 | P18: =O18*C18 -> 10000
B19: Total Amount Additive Alternate A | F19: =SUM(F8:F18) -> 402928 | H19: =SUM(H8:H18) -> 417263.04 | J19: =SUM(J8:J18) -> 445607.5 | L19: =SUM(L8:L18) -> 364091.75 | N19: =SUM(N8:N18) -> 428765 | P19: =SUM(P8:P18) -> 483561.5
B20: Total Amount Base Bid and Additive Alternate A | F20: =F19+Total1 -> 10027274 | H20: =H19+Total2 -> 10695259 | J20: =J19+Total3 -> 10015432 | L20: =L19+Total4 -> 9649950.9 | N20: =N19+Total5 -> 9419765 | P20: =P19+TotalEE -> 11693606

Sheet Summary
A1: =ProjectLocation -> PORTLAND INTERNATIONAL AIRPORT
A2: TAXIWAY A WEST REHABILITATION
A4: =EAN -> EAN 2023D011
A5: =SolicitationNo -> Solicitation No. 2023-10218
A6: =TODAY() -> 45671
A7: Bidder | B7: Total Amount Base Bid | C7: Total Amount Additive Alternate A
A8: =Contractor5 -> Tapani, Inc. | B8: ='Base Bid Tabulation'!N77 -> 8991000 | C8: ='Alternate Bid Tabulation'!N19 -> 428765
A9: =Contractor4 -> Kerr Contractors Oregon, LLC | B9: =Total4 -> 9285859.1 | C9: ='Alternate Bid Tabulation'!L19 -> 364091.75
A10: =Contractor3 -> K&E Excavating, Inc. | B10: =Total3 -> 9569824.6 | C10: ='Alternate Bid Tabulation'!J19 -> 445607.5
A11: =Contractor1 -> Coffman Excavation | B11: =Total1 -> 9624346.2 | C11: ='Alternate Bid Tabulation'!F19 -> 402928
A12: =Contractor2 -> Granite Construction Company | B12: $10,277,995.68* | C12: ='Alternate Bid Tabulation'!H19 -> 417263.04
A13: =EngineerEstimate -> Engineer's Estimate | B13: =TotalEE -> 11210044 | C13: ='Alternate Bid Tabulation'!P19 -> 483561.5
A14: *Corrected Bid Total
A15: ^Corrected Bid Total
