Workbook
Name AQTY: 'Bid Tab Schedule A'!$C:$C
Name ATotal1: 'Bid Tab Schedule A'!$F$19
Name ATotal2: 'Bid Tab Schedule A'!$H$19
Name ATotal3: 'Bid Tab Schedule A'!$J$19
Name ATotal4: 'Bid Tab Schedule A'!$L$19
Name ATotal5: 'Bid Tab Schedule A'!$N$19
Name ATotal6: 'Bid Tab Schedule A'!#REF!
Name ATotal7: 'Bid Tab Schedule A'!#REF!
Name ATotal8: 'Bid Tab Schedule A'!#REF!
Name ATotalEE: 'Bid Tab Schedule A'!$P$19
Name BQTY: 'Bid Tab Schedule B'!$C:$C
Name BTotal1: 'Bid Tab Schedule B'!$F$19
Name BTotal2: 'Bid Tab Schedule B'!$H$19
Name BTotal3: 'Bid Tab Schedule B'!$J$19
Name BTotal4: 'Bid Tab Schedule B'!$L$19
Name BTotal5: 'Bid Tab Schedule B'!$N$19
Name BTotal6: 'Bid Tab Schedule B'!#REF!
Name BTotal7: 'Bid Tab Schedule B'!#REF!
Name BTotal8: 'Bid Tab Schedule B'!#REF!
Name BTotalEE: 'Bid Tab Schedule B'!$P$19
Name Contractor1: 'Bid Tab Schedule A'!$E$1
Name Contractor2: 'Bid Tab Schedule A'!$G$1
Name Contractor3: 'Bid Tab Schedule A'!$I$1
Name Contractor4: 'Bid Tab Schedule A'!$K$1
Name Contractor5: 'Bid Tab Schedule A'!$M$1
Name Contractor6: 'Bid Tab Schedule A'!#REF!
Name Contractor7: 'Bid Tab Schedule A'!#REF!
Name Contractor8: 'Bid Tab Schedule A'!#REF!
Name EAN: 'Bid Tab Schedule A'!$A$4
Name EngineerEstimate: 'Bid Tab Schedule A'!$O$1
Name ProjectLocation: 'Bid Schedule A'!$A$15
Name ProjectTitle: 'Bid Schedule A'!$A$16
Name ProjectTitle2: 'Bid Schedule A'!$A$17
Name SolicitationNo: 'Bid Tab Schedule A'!$A$5
Name Total1: 'Bid Tab Schedule B'!$F$20
Name Total2: 'Bid Tab Schedule B'!$H$20
Name Total3: 'Bid Tab Schedule B'!$J$20
Name Total4: 'Bid Tab Schedule B'!$L$20
Name Total5: 'Bid Tab Schedule B'!$N$20
Name Total6: 'Bid Tab Schedule B'!#REF!
Name Total7: 'Bid Tab Schedule B'!#REF!
Name Total8: 'Bid Tab Schedule B'!#REF!
Name TotalEE: 'Bid Tab Schedule B'!$P$20

Sheet Bid Schedule A
A1: Acre
A2: CY
A3: Each
A4: FT
A5: Gal
A6: Hour
A7: LB
A8: LF
A9: LS
A10: Mile
A11: SF
A12: SY
... A16: SOUTHEAST TAXIWAY T REHABILITATION
A19: Item No. | B19: Item Description | C19: Estimated Quantity | D19: Units | E19: Unit Price | F19: Total Price
A20: 0001 | B20: Sweeper (Section 012200) | C20: 1 | D20: LS
A21: 0002 | B21: Security Control Monitoring (Section 012200) | C21: 1 | D21: LS
A22: 0003 | B22: Traffic Control (Section 012200) | C22: 1 | D22: LS
A23: 0004 | B23: Escort (Section 012200) | C23: 1 | D23: LS
A24: 0005 | B24: Jet Blast Control Material (Section 015713) | C24: 3 | D24: Acre
A25: 0006 | B25: Inlet Protection (Section 015713) | C25: 60 | D25: Each
A26: 0007 | B26: Ditch Protection/Check Dams (Section 015713) | C26: 4 | D26: Each
A27: 0008 | B27: Installation and Removal of Silt Fence (Item C-102) | C27: 4650 | D27: LF
A28: 0009 | B28: Mobilization (Item C-105) | C28: 1 | D28: LS
A29: 0010 | B29: Asphalt Pavement Removal - 4-Inch Depth (Item P-101) | C29: 2700 | D29: SY
A30: 0011 | B30: Asphalt Pavement Removal - 6-Inch Depth (Item P-101) | C30: 625 | D30: SY
A31: 0012 | B31: Asphalt Pavement Removal - 13.5-Inch Depth (Item P-101) | C31: 1000 | D31: SY
... A85: 0066 | B85: Sign B6-11 (Section 344302) | C85: 1 | D85: LS
B86: Total Amount Bid Schedule A | F86: $___________

Sheet Bid Schedule B
A1: Acre
A2: CY
A3: Each
A4: FT
A5: Gal
A6: Hour
A7: LB
A8: LF
A9: LS
A10: Mile
A11: SF
A12: SY
... A16: SOUTHEAST TAXIWAY T REHABILITATION
A17: =ProjectTitle2 & ""
A19: Item No. | B19: Item Description | C19: Estimated Quantity | D19: Units | E19: Unit Price | F19: Total Price
A20: 0001 | B20: Sweeper (Section 012200) | C20: 1 | D20: LS
A21: 0002 | B21: Security Control Monitoring (Section 012200) | C21: 1 | D21: LS
A22: 0003 | B22: Traffic Control (Section 012200) | C22: 1 | D22: LS
A23: 0004 | B23: Escort (Section 012200) | C23: 1 | D23: LS
A24: 0005 | B24: Inlet Protection (Section 015713) | C24: 6 | D24: Each
A25: 0006 | B25: Mobilization (Item C-105) | C25: 1 | D25: LS
A26: 0007 | B26: PCC Pavement Removal - 15-Inch Depth (Item P-101) | C26: 450 | D26: SY
A27: 0008 | B27: PCC Pavement Removal - 18-Inch Depth (Item P-101) | C27: 150 | D27: SY
A28: 0009 | B28: Asphalt Pavement Removal - 11-Inch Depth (Item P-101) | C28: 5900 | D28: SY
A29: 0010 | B29: Asphalt Pavement Removal - 20-Inch Depth (Item P-101) | C29: 3600 | D29: SY
A30: 0011 | B30: Cold Milling - 3-Inch Depth (Item P-101) | C30: 150 | D30: SY
A31: 0012 | B31: Removal of Pipe and Other Buried Structures (Item P-101) | C31: 1 | D31: LS
... A62: 0043 | B62: Asphalt Pavement Removal - 16-Inch Depth (Item P-101) | C62: 1350 | D62: SY
B63: Total Amount Bid Schedule B
B64: Total Amount Bid Schedules A and B (Basis of Award)

Sheet Bid Tab Schedule A
A1: PORTLAND INTERNATIONAL AIRPORT | E1: K&E Excavating, Inc. | G1: Kerr Contractors Oregon LLC | I1: Kodiak Pacific Construction | K1: Nutter Corporation | M1: Tapani, Inc. | O1: Engineer's Estimate
A2: =ProjectTitle -> SOUTHEAST TAXIWAY T REHABILITATION
A3: =ProjectTitle2 -> 0
A4: EAN 2018D027
A5: Solicitation No. 2019-8247
A6: =TODAY() -> 43846
A7: Item No. | B7: Item Description | C7: Estimated Quantity | D7: Units | E7: Unit Price | F7: Total Price | G7: Unit Price | H7: Total Price | I7: Unit Price | J7: Total Price | K7: Unit Price | L7: Total Price | M7: Unit Price | N7: Total Price | O7: Unit Price | P7: Total Price
A8: ='Bid Schedule A'!A20 -> 0001 | B8: ='Bid Schedule A'!B20 -> Sweeper (Section 012200) | C8: ='Bid Schedule A'!C20 -> 1 | D8: ='Bid Schedule A'!D20 -> LS | E8: 180000 | F8: =AQTY*E8 -> 180000 | G8: 70600 | H8: =AQTY*G8 -> 70600 | I8: 195000 | J8: =AQTY*I8 -> 195000 | K8: 150000 | L8: =AQTY*K8 -> 150000 | M8: 125000 | N8: =AQTY*M8 -> 125000 | O8: 99750 | P8: =AQTY*O8 -> 99750
A9: ='Bid Schedule A'!A21 -> 0002 | B9: ='Bid Schedule A'!B21 -> Security Control Monitoring (Section 012200) | C9: ='Bid Schedule A'!C21 -> 1 | D9: ='Bid Schedule A'!D21 -> LS | E9: 30000 | F9: =AQTY*E9 -> 30000 | G9: 28166 | H9: =AQTY*G9 -> 28166 | I9: 6000 | J9: =AQTY*I9 -> 6000 | K9: 50000 | L9: =AQTY*K9 -> 50000 | M9: 50000 | N9: =AQTY*M9 -> 50000 | O9: 15000 | P9: =AQTY*O9 -> 15000
A10: ='Bid Schedule A'!A22 -> 0003 | B10: ='Bid Schedule A'!B22 -> Traffic Control (Section 012200) | C10: ='Bid Schedule A'!C22 -> 1 | D10: ='Bid Schedule A'!D22 -> LS | E10: 80000 | F10: =AQTY*E10 -> 80000 | G10: 80125 | H10: =AQTY*G10 -> 80125 | I10: 160000 | J10: =AQTY*I10 -> 160000 | K10: 105000 | L10: =AQTY*K10 -> 105000 | M10: 10000 | N10: =AQTY*M10 -> 10000 | O10: 70000 | P10: =AQTY*O10 -> 70000
A11: ='Bid Schedule A'!A23 -> 0004 | B11: ='Bid Schedule A'!B23 -> Escort (Section 012200) | C11: ='Bid Schedule A'!C23 -> 1 | D11: ='Bid Schedule A'!D23 -> LS | E11: 210000 | F11: =AQTY*E11 -> 210000 | G11: 72495 | H11: =AQTY*G11 -> 72495 | I11: 250000 | J11: =AQTY*I11 -> 250000 | K11: 94000 | L11: =AQTY*K11 -> 94000 | M11: 115000 | N11: =AQTY*M11 -> 115000 | O11: 128250 | P11: =AQTY*O11 -> 128250
A12: ='Bid Schedule A'!A24 -> 0005 | B12: ='Bid Schedule A'!B24 -> Jet Blast Control Material (Section 015713) | C12: ='Bid Schedule A'!C24 -> 3 | D12: ='Bid Schedule A'!D24 -> Acre | E12: 4000 | F12: =AQTY*E12 -> 12000 | G12: 3650 | H12: =AQTY*G12 -> 10950 | I12: 3750 | J12: =AQTY*I12 -> 11250 | K12: 4500 | L12: =AQTY*K12 -> 13500 | M12: 4000 | N12: =AQTY*M12 -> 12000 | O12: 5500 | P12: =AQTY*O12 -> 16500
A13: ='Bid Schedule A'!A25 -> 0006 | B13: ='Bid Schedule A'!B25 -> Inlet Protection (Section 015713) | C13: ='Bid Schedule A'!C25 -> 60 | D13: ='Bid Schedule A'!D25 -> Each | E13: 80 | F13: =AQTY*E13 -> 4800 | G13: 90 | H13: =AQTY*G13 -> 5400 | I13: 100 | J13: =AQTY*I13 -> 6000 | K13: 110 | L13: =AQTY*K13 -> 6600 | M13: 100 | N13: =AQTY*M13 -> 6000 | O13: 100 | P13: =AQTY*O13 -> 6000
A14: ='Bid Schedule A'!A26 -> 0007 | B14: ='Bid Schedule A'!B26 -> Ditch Protection/Check Dams (Section 015713) | C14: ='Bid Schedule A'!C26 -> 4 | D14: ='Bid Schedule A'!D26 -> Each | E14: 130 | F14: =AQTY*E14 -> 520 | G14: 115 | H14: =AQTY*G14 -> 460 | I14: 190 | J14: =AQTY*I14 -> 760 | K14: 200 | L14: =AQTY*K14 -> 800 | M14: 300 | N14: =AQTY*M14 -> 1200 | O14: 175 | P14: =AQTY*O14 -> 700
A15: ='Bid Schedule A'!A27 -> 0008 | B15: ='Bid Schedule A'!B27 -> Installation and Removal of Silt Fence (Item C-102) | C15: ='Bid Schedule A'!C27 -> 4650 | D15: ='Bid Schedule A'!D27 -> LF | E15: 3.5 | F15: =AQTY*E15 -> 16275 | G15: 3.2 | H15: =AQTY*G15 -> 14880 | I15: 3.25 | J15: =AQTY*I15 -> 15112.5 | K15: 3 | L15: =AQTY*K15 -> 13950 | M15: 5 | N15: =AQTY*M15 -> 23250 | O15: 2.5 | P15: =AQTY*O15 -> 11625
A16: ='Bid Schedule A'!A28 -> 0009 | B16: ='Bid Schedule A'!B28 -> Mobilization (Item C-105) | C16: ='Bid Schedule A'!C28 -> 1 | D16: ='Bid Schedule A'!D28 -> LS | E16: 867000 | F16: =AQTY*E16 -> 867000 | G16: 449065.35 | H16: =AQTY*G16 -> 449065.35 | I16: 913783.22 | J16: =AQTY*I16 -> 913783.22 | K16: 475000 | L16: =AQTY*K16 -> 475000 | M16: 446000.2 | N16: =AQTY*M16 -> 446000.2 | O16: 386169 | P16: =AQTY*O16 -> 386169
A17: ='Bid Schedule A'!A29 -> 0010 | B17: ='Bid Schedule A'!B29 -> Asphalt Pavement Removal - 4-Inch Depth (Item P-101) | C17: ='Bid Schedule A'!C29 -> 2700 | D17: ='Bid Schedule A'!D29 -> SY | E17: 3.6 | F17: =AQTY*E17 -> 9720 | G17: 5 | H17: =AQTY*G17 -> 13500 | I17: 4.15 | J17: =AQTY*I17 -> 11205 | K17: 2.5 | L17: =AQTY*K17 -> 6750 | M17: 2 | N17: =AQTY*M17 -> 5400 | O17: 4 | P17: =AQTY*O17 -> 10800
A18: ='Bid Schedule A'!A30 -> 0011 | B18: ='Bid Schedule A'!B30 -> Asphalt Pavement Removal - 6-Inch Depth (Item P-101) | C18: ='Bid Schedule A'!C30 -> 625 | D18: ='Bid Schedule A'!D30 -> SY | E18: 40 | F18: =AQTY*E18 -> 25000 | G18: 5 | H18: =AQTY*G18 -> 3125 | I18: 34.65 | J18: =AQTY*I18 -> 21656.25 | K18: 4 | L18: =AQTY*K18 -> 2500 | M18: 4 | N18: =AQTY*M18 -> 2500 | O18: 7 | P18: =AQTY*O18 -> 4375
A19: ='Bid Schedule A'!A31 -> 0012 | B19: ='Bid Schedule A'!B31 -> Asphalt Pavement Removal - 13.5-Inch Depth (Item P-101) | C19: ='Bid Schedule A'!C31 -> 1000 | D19: ='Bid Schedule A'!D31 -> SY | E19: 15 | F19: =AQTY*E19 -> 15000 | G19: 12 | H19: =AQTY*G19 -> 12000 | I19: 12.9 | J19: =AQTY*I19 -> 12900 | K19: 9 | L19: =AQTY*K19 -> 9000 | M19: 9 | N19: =AQTY*M19 -> 9000 | O19: 6.5 | P19: =AQTY*O19 -> 6500
... A73: ='Bid Schedule A'!A85 -> 0066 | B73: ='Bid Schedule A'!B85 -> Sign B6-11 (Section 344302) | C73: ='Bid Schedule A'!C85 -> 1 | D73: ='Bid Schedule A'!D85 -> LS | E73: 6800 | F73: =AQTY*E73 -> 6800 | G73: 6500 | H73: =AQTY*G73 -> 6500 | I73: 6660 | J73: =AQTY*I73 -> 6660 | K73: 6500 | L73: =AQTY*K73 -> 6500 | M73: 7000 | N73: =AQTY*M73 -> 7000 | O73: 6000 | P73: =AQTY*O73 -> 6000
B74: ='Bid Schedule A'!B86 -> Total Amount Bid Schedule A | D74: ='Bid Schedule A'!D86 -> 0 | F74: =SUM(F8:F73) -> 5344757.8 | H74: =SUM(H8:H73) -> 4584205 | J74: =SUM(J8:J73) -> 5787969 | L74: =SUM(L8:L73) -> 5063878.2 | N74: =SUM(N8:N73) -> 4473275.5 | P74: =SUM(P8:P73) -> 4560860.5

Sheet Bid Tab Schedule B
A1: =ProjectLocation -> PORTLAND INTERNATIONAL AIRPORT | E1: =Contractor1 -> K&E Excavating, Inc. | G1: =Contractor2 -> Kerr Contractors Oregon LLC | I1: Kodiak Pacific Construction | K1: =Contractor4 -> Nutter Corporation | M1: =Contractor5 -> Tapani, Inc. | O1: =EngineerEstimate -> Engineer's Estimate
A2: =ProjectTitle -> SOUTHEAST TAXIWAY T REHABILITATION
A3: =ProjectTitle2 -> 0
A4: =EAN -> EAN 2018D027
A5: =SolicitationNo -> Solicitation No. 2019-8247
A6: =TODAY() -> 43846
A7: Item No. | B7: Item Description | C7: Estimated Quantity | D7: Units | E7: Unit Price | F7: Total Price | G7: Unit Price | H7: Total Price | I7: Unit Price | J7: Total Price | K7: Unit Price | L7: Total Price | M7: Unit Price | N7: Total Price | O7: Unit Price | P7: Total Price
A8: ='Bid Schedule B'!A20 -> 0001 | B8: ='Bid Schedule B'!B20 -> Sweeper (Section 012200) | C8: ='Bid Schedule B'!C20 -> 1 | D8: ='Bid Schedule B'!D20 -> LS | E8: 130000 | F8: =BQTY*E8 -> 130000 | G8: 127080 | H8: =BQTY*G8 -> 127080 | I8: 125000 | J8: =BQTY*I8 -> 125000 | K8: 60000 | L8: =BQTY*K8 -> 60000 | M8: 30000 | N8: =BQTY*M8 -> 30000 | O8: 75250 | P8: =BQTY*O8 -> 75250
A9: ='Bid Schedule B'!A21 -> 0002 | B9: ='Bid Schedule B'!B21 -> Security Control Monitoring (Section 012200) | C9: ='Bid Schedule B'!C21 -> 1 | D9: ='Bid Schedule B'!D21 -> LS | E9: 20000 | F9: =BQTY*E9 -> 20000 | G9: 50700 | H9: =BQTY*G9 -> 50700 | I9: 6000 | J9: =BQTY*I9 -> 6000 | K9: 30000 | L9: =BQTY*K9 -> 30000 | M9: 25000 | N9: =BQTY*M9 -> 25000 | O9: 10000 | P9: =BQTY*O9 -> 10000
A10: ='Bid Schedule B'!A22 -> 0003 | B10: ='Bid Schedule B'!B22 -> Traffic Control (Section 012200) | C10: ='Bid Schedule B'!C22 -> 1 | D10: ='Bid Schedule B'!D22 -> LS | E10: 40000 | F10: =BQTY*E10 -> 40000 | G10: 58200 | H10: =BQTY*G10 -> 58200 | I10: 40000 | J10: =BQTY*I10 -> 40000 | K10: 65000 | L10: =BQTY*K10 -> 65000 | M10: 5000 | N10: =BQTY*M10 -> 5000 | O10: 55000 | P10: =BQTY*O10 -> 55000
A11: ='Bid Schedule B'!A23 -> 0004 | B11: ='Bid Schedule B'!B23 -> Escort (Section 012200) | C11: ='Bid Schedule B'!C23 -> 1 | D11: ='Bid Schedule B'!D23 -> LS | E11: 160000 | F11: =BQTY*E11 -> 160000 | G11: 130490 | H11: =BQTY*G11 -> 130490 | I11: 95000 | J11: =BQTY*I11 -> 95000 | K11: 60000 | L11: =BQTY*K11 -> 60000 | M11: 40000 | N11: =BQTY*M11 -> 40000 | O11: 96750 | P11: =BQTY*O11 -> 96750
A12: ='Bid Schedule B'!A24 -> 0005 | B12: ='Bid Schedule B'!B24 -> Inlet Protection (Section 015713) | C12: ='Bid Schedule B'!C24 -> 6 | D12: ='Bid Schedule B'!D24 -> Each | E12: 80 | F12: =BQTY*E12 -> 480 | G12: 90 | H12: =BQTY*G12 -> 540 | I12: 100 | J12: =BQTY*I12 -> 600 | K12: 110 | L12: =BQTY*K12 -> 660 | M12: 100 | N12: =BQTY*M12 -> 600 | O12: 100 | P12: =BQTY*O12 -> 600
A13: ='Bid Schedule B'!A25 -> 0006 | B13: ='Bid Schedule B'!B25 -> Mobilization (Item C-105) | C13: ='Bid Schedule B'!C25 -> 1 | D13: ='Bid Schedule B'!D25 -> LS | E13: 498000 | F13: =BQTY*E13 -> 498000 | G13: 442285.45 | H13: =BQTY*G13 -> 442285.45 | I13: 196202 | J13: =BQTY*I13 -> 196202 | K13: 432999 | L13: =BQTY*K13 -> 432999 | M13: 410000 | N13: =BQTY*M13 -> 410000 | O13: 323522 | P13: =BQTY*O13 -> 323522
A14: ='Bid Schedule B'!A26 -> 0007 | B14: ='Bid Schedule B'!B26 -> PCC Pavement Removal - 15-Inch Depth (Item P-101) | C14: ='Bid Schedule B'!C26 -> 450 | D14: ='Bid Schedule B'!D26 -> SY | E14: 40 | F14: =BQTY*E14 -> 18000 | G14: 20 | H14: =BQTY*G14 -> 9000 | I14: 128 | J14: =BQTY*I14 -> 57600 | K14: 16 | L14: =BQTY*K14 -> 7200 | M14: 42 | N14: =BQTY*M14 -> 18900 | O14: 18 | P14: =BQTY*O14 -> 8100
A15: ='Bid Schedule B'!A27 -> 0008 | B15: ='Bid Schedule B'!B27 -> PCC Pavement Removal - 18-Inch Depth (Item P-101) | C15: ='Bid Schedule B'!C27 -> 150 | D15: ='Bid Schedule B'!D27 -> SY | E15: 80 | F15: =BQTY*E15 -> 12000 | G15: 50 | H15: =BQTY*G15 -> 7500 | I15: 150 | J15: =BQTY*I15 -> 22500 | K15: 24 | L15: =BQTY*K15 -> 3600 | M15: 71 | N15: =BQTY*M15 -> 10650 | O15: 20 | P15: =BQTY*O15 -> 3000
A16: ='Bid Schedule B'!A28 -> 0009 | B16: ='Bid Schedule B'!B28 -> Asphalt Pavement Removal - 11-Inch Depth (Item P-101) | C16: ='Bid Schedule B'!C28 -> 5900 | D16: ='Bid Schedule B'!D28 -> SY | E16: 9.5 | F16: =BQTY*E16 -> 56050 | G16: 8 | H16: =BQTY*G16 -> 47200 | I16: 11 | J16: =BQTY*I16 -> 64900 | K16: 7 | L16: =BQTY*K16 -> 41300 | M16: 6.5 | N16: =BQTY*M16 -> 38350 | O16: 6 | P16: =BQTY*O16 -> 35400
A17: ='Bid Schedule B'!A29 -> 0010 | B17: ='Bid Schedule B'!B29 -> Asphalt Pavement Removal - 20-Inch Depth (Item P-101) | C17: ='Bid Schedule B'!C29 -> 3600 | D17: ='Bid Schedule B'!D29 -> SY | E17: 15 | F17: =BQTY*E17 -> 54000 | G17: 15 | H17: =BQTY*G17 -> 54000 | I17: 17.5 | J17: =BQTY*I17 -> 63000 | K17: 10 | L17: =BQTY*K17 -> 36000 | M17: 8.5 | N17: =BQTY*M17 -> 30600 | O17: 9 | P17: =BQTY*O17 -> 32400
A18: ='Bid Schedule B'!A30 -> 0011 | B18: ='Bid Schedule B'!B30 -> Cold Milling - 3-Inch Depth (Item P-101) | C18: ='Bid Schedule B'!C30 -> 150 | D18: ='Bid Schedule B'!D30 -> SY | E18: 12 | F18: =BQTY*E18 -> 1800 | G18: 3 | H18: =BQTY*G18 -> 450 | I18: 48 | J18: =BQTY*I18 -> 7200 | K18: 4 | L18: =BQTY*K18 -> 600 | M18: 2 | N18: =BQTY*M18 -> 300 | O18: 3.5 | P18: =BQTY*O18 -> 525
A19: ='Bid Schedule B'!A31 -> 0012 | B19: ='Bid Schedule B'!B31 -> Removal of Pipe and Other Buried Structures (Item P-101) | C19: ='Bid Schedule B'!C31 -> 1 | D19: ='Bid Schedule B'!D31 -> LS | E19: 10000 | F19: =BQTY*E19 -> 10000 | G19: 40000 | H19: =BQTY*G19 -> 40000 | I19: 100000 | J19: =BQTY*I19 -> 100000 | K19: 10000 | L19: =BQTY*K19 -> 10000 | M19: 75000 | N19: =BQTY*M19 -> 75000 | O19: 66450 | P19: =BQTY*O19 -> 66450
... A49: ='Bid Schedule B'!A61 -> 0042 | B49: ='Bid Schedule B'!B61 -> General Electrical Removal (Section 260500) | C49: ='Bid Schedule B'!C61 -> 1 | D49: ='Bid Schedule B'!D61 -> LS | E49: 5000 | F49: =BQTY*E49 -> 5000 | G49: 10000 | H49: =BQTY*G49 -> 10000 | I49: 3550 | J49: =BQTY*I49 -> 3550 | K49: 10500 | L49: =BQTY*K49 -> 10500 | M49: 3500 | N49: =BQTY*M49 -> 3500 | O49: 12500 | P49: =BQTY*O49 -> 12500
A50: ='Bid Schedule B'!A62 -> 0043 | B50: ='Bid Schedule B'!B62 -> Asphalt Pavement Removal - 16-Inch Depth (Item P-101) | C50: ='Bid Schedule B'!C62 -> 1350 | D50: ='Bid Schedule B'!D62 -> SY | E50: 13 | F50: =BQTY*E50 -> 17550 | H50: 10800 | I50: 14.5 | J50: =BQTY*I50 -> 19575 | K50: 9 | L50: =BQTY*K50 -> 12150 | M50: 9 | N50: =BQTY*M50 -> 12150 | O50: 8 | P50: =BQTY*O50 -> 10800
B51: ='Bid Schedule B'!B63 -> Total Amount Bid Schedule B | D51: ='Bid Schedule B'!D63 -> 0 | F51: =SUM(F8:F50) -> 4832397.5 | H51: =SUM(H8:H50) -> 4509067.7 | J51: =SUM(J8:J50) -> 4770589 | L51: =SUM(L8:L50) -> 4533024 | N51: =SUM(N8:N50) -> 4115162.5 | P51: =SUM(P8:P50) -> 3795745.8
B52: Total Amount Bid Schedules A and B (Basis of Award) | D52: ='Bid Schedule B'!D64 -> 0 | F52: =SUM('Bid Tab Schedule A'!F74,'Bid Tab Schedule B'!F51) -> 10177155 | H52: =SUM('Bid Tab Schedule A'!H74,'Bid Tab Schedule B'!H51) -> 9093272.7 | J52: =SUM('Bid Tab Schedule A'!J74,'Bid Tab Schedule B'!J51) -> 10558558 | L52: =SUM('Bid Tab Schedule A'!L74,'Bid Tab Schedule B'!L51) -> 9596902.2 | N52: =SUM('Bid Tab Schedule A'!N74,'Bid Tab Schedule B'!N51) -> 8588438 | P52: =SUM('Bid Tab Schedule A'!P74,'Bid Tab Schedule B'!P51) -> 8356606.2

Sheet Summary
A1: =ProjectLocation -> PORTLAND INTERNATIONAL AIRPORT
A2: =ProjectTitle -> SOUTHEAST TAXIWAY T REHABILITATION
A3: =ProjectTitle2 -> 0
A4: =EAN -> EAN 2018D027
A5: =SolicitationNo -> Solicitation No. 2019-8247
A6: =TODAY() -> 43846
A7: Bidder | B7: Total Price
A8: =Contractor5 -> Tapani, Inc. | B8: ='Bid Tab Schedule B'!N52 -> 8588438
A9: =Contractor2 -> Kerr Contractors Oregon LLC | B9: $9,093,272,70*
A10: =Contractor4 -> Nutter Corporation | B10: ='Bid Tab Schedule B'!L52 -> 9596902.2
A11: =Contractor1 -> K&E Excavating, Inc. | B11: ='Bid Tab Schedule B'!F52 -> 10177155
A12: =Contractor3 -> Kodiak Pacific Construction | B12: ='Bid Tab Schedule B'!J52 -> 10558558
A13: =EngineerEstimate -> Engineer's Estimate | B13: ='Bid Tab Schedule B'!P52 -> 8356606.2
A14: *Corrected Bid Total
